"Predictor","Coefficient","AbsCoef","Dataset","Repeat","Fold"
"Linearity_mean",0.250178545170327,0.250178545170327,"Total surface fuels",1,1
"Total_PAD_RelZ0.55_1.00",0.245073596190195,0.245073596190195,"Total surface fuels",1,1
"Total_PAD_RelZ0.30_0.50",0.231646756833469,0.231646756833469,"Total surface fuels",1,1
"Ny_mean",0.175208254515067,0.175208254515067,"Total surface fuels",1,1
"lad_max",0.133170664174441,0.133170664174441,"Total surface fuels",1,1
"SD_PropOcc_RelZ0.55_1.00",0.0565198055095358,0.0565198055095358,"Total surface fuels",1,1
"Mean_PAD_RelZ0.30_0.50",0.0539020309077103,0.0539020309077103,"Total surface fuels",1,1
"PCA2_sd",-0.0282704429504046,0.0282704429504046,"Total surface fuels",1,1
"Anisotropy_sd",-0.0246980361159797,0.0246980361159797,"Total surface fuels",1,1
"Mean_PAD_RelZ0.55_1.00",0.0056318404731919,0.0056318404731919,"Total surface fuels",1,1
"Percent.Below.30th.Quantile",0.0267102052566541,0.0267102052566541,"Total surface fuels",1,2
"lad_max",0.0260749003291686,0.0260749003291686,"Total surface fuels",1,2
"Ny_mean",0.023470338619862,0.023470338619862,"Total surface fuels",1,2
"lad_mean",0.0226292079920258,0.0226292079920258,"Total surface fuels",1,2
"Percent.Below.40th.Quantile",0.0219438936736188,0.0219438936736188,"Total surface fuels",1,2
"lad_sum",0.0208924155779838,0.0208924155779838,"Total surface fuels",1,2
"Percent.Below.20th.Quantile",0.0168213125867508,0.0168213125867508,"Total surface fuels",1,2
"Percent.Below.10th.Quantile",-0.0161593959512547,0.0161593959512547,"Total surface fuels",1,2
"zpcum1",-0.0153460917273678,0.0153460917273678,"Total surface fuels",1,2
"PCA2_mean",0.0148715019328861,0.0148715019328861,"Total surface fuels",1,2
"lad_max",0.0189662253332426,0.0189662253332426,"Total surface fuels",1,3
"Percent.Below.40th.Quantile",0.0175201352899723,0.0175201352899723,"Total surface fuels",1,3
"lad_sum",0.0171339924254938,0.0171339924254938,"Total surface fuels",1,3
"Percent.Below.30th.Quantile",0.0153429845106466,0.0153429845106466,"Total surface fuels",1,3
"lad_mean",0.0148226197169643,0.0148226197169643,"Total surface fuels",1,3
"Ny_mean",0.01455965492285,0.01455965492285,"Total surface fuels",1,3
"ipcumzq90",0.0120771336305458,0.0120771336305458,"Total surface fuels",1,3
"PCA1_mean",0.0114185283713395,0.0114185283713395,"Total surface fuels",1,3
"Percent.Below.10th.Quantile",-0.011079856106394,0.011079856106394,"Total surface fuels",1,3
"ipcumzq70",0.0107496966179372,0.0107496966179372,"Total surface fuels",1,3
"lad_max",0.0663241891790022,0.0663241891790022,"Total surface fuels",1,4
"Ny_mean",0.0116969338655201,0.0116969338655201,"Total surface fuels",1,4
"lad_sum",0.00143005394291965,0.00143005394291965,"Total surface fuels",1,4
"PC_Density_m3",0,0,"Total surface fuels",1,4
"cHull_vol",0,0,"Total surface fuels",1,4
"Alpha_Vol_m3",0,0,"Total surface fuels",1,4
"horizontalRumpel",0,0,"Total surface fuels",1,4
"mean_vox_ht",0,0,"Total surface fuels",1,4
"sd_vox_ht",0,0,"Total surface fuels",1,4
"zmax",0,0,"Total surface fuels",1,4
"PC_Density_m3",0,0,"Total surface fuels",1,5
"cHull_vol",0,0,"Total surface fuels",1,5
"Alpha_Vol_m3",0,0,"Total surface fuels",1,5
"horizontalRumpel",0,0,"Total surface fuels",1,5
"mean_vox_ht",0,0,"Total surface fuels",1,5
"sd_vox_ht",0,0,"Total surface fuels",1,5
"zmax",0,0,"Total surface fuels",1,5
"zmean",0,0,"Total surface fuels",1,5
"zsd",0,0,"Total surface fuels",1,5
"zskew",0,0,"Total surface fuels",1,5
"PC_Density_m3",0,0,"Total surface fuels",2,1
"cHull_vol",0,0,"Total surface fuels",2,1
"Alpha_Vol_m3",0,0,"Total surface fuels",2,1
"horizontalRumpel",0,0,"Total surface fuels",2,1
"mean_vox_ht",0,0,"Total surface fuels",2,1
"sd_vox_ht",0,0,"Total surface fuels",2,1
"zmax",0,0,"Total surface fuels",2,1
"zmean",0,0,"Total surface fuels",2,1
"zsd",0,0,"Total surface fuels",2,1
"zskew",0,0,"Total surface fuels",2,1
"Percent.Below.30th.Quantile",0.127058369560826,0.127058369560826,"Total surface fuels",2,2
"lad_max",0.122583695028358,0.122583695028358,"Total surface fuels",2,2
"lad_mean",0.100257157700925,0.100257157700925,"Total surface fuels",2,2
"PCA2_mean",0.0989368273766351,0.0989368273766351,"Total surface fuels",2,2
"Ny_mean",0.0988992570996852,0.0988992570996852,"Total surface fuels",2,2
"lad_sum",0.092895079684261,0.092895079684261,"Total surface fuels",2,2
"Percent.Below.40th.Quantile",0.0872900462219732,0.0872900462219732,"Total surface fuels",2,2
"PCA1_mean",0.0767680094973816,0.0767680094973816,"Total surface fuels",2,2
"Percent.Below.20th.Quantile",0.0733180415440639,0.0733180415440639,"Total surface fuels",2,2
"Percent.Below.10th.Quantile",-0.0669823583611525,0.0669823583611525,"Total surface fuels",2,2
"Total_PAD_RelZ0.30_0.50",0.0280305705995228,0.0280305705995228,"Total surface fuels",2,3
"Ny_mean",0.0256518882357364,0.0256518882357364,"Total surface fuels",2,3
"SD_PropOcc_RelZ0.55_1.00",0.0225120198706609,0.0225120198706609,"Total surface fuels",2,3
"Mean_PAD_RelZ0.30_0.50",0.00979932314205738,0.00979932314205738,"Total surface fuels",2,3
"PC_Density_m3",0,0,"Total surface fuels",2,3
"cHull_vol",0,0,"Total surface fuels",2,3
"Alpha_Vol_m3",0,0,"Total surface fuels",2,3
"horizontalRumpel",0,0,"Total surface fuels",2,3
"mean_vox_ht",0,0,"Total surface fuels",2,3
"sd_vox_ht",0,0,"Total surface fuels",2,3
"Percent.Below.30th.Quantile",0.291396889443192,0.291396889443192,"Total surface fuels",2,4
"Ny_mean",0.24694321861483,0.24694321861483,"Total surface fuels",2,4
"lad_max",0.227794170495267,0.227794170495267,"Total surface fuels",2,4
"Percent.Below.40th.Quantile",0.187976134169931,0.187976134169931,"Total surface fuels",2,4
"PCA1_mean",0.184463072090576,0.184463072090576,"Total surface fuels",2,4
"PCA2_mean",0.178589458534138,0.178589458534138,"Total surface fuels",2,4
"Percent.Below.20th.Quantile",0.17577369365484,0.17577369365484,"Total surface fuels",2,4
"lad_sum",0.165964121914496,0.165964121914496,"Total surface fuels",2,4
"zq5",-0.148303811303586,0.148303811303586,"Total surface fuels",2,4
"lad_mean",0.146956030982268,0.146956030982268,"Total surface fuels",2,4
"lad_max",0.0276564232060154,0.0276564232060154,"Total surface fuels",2,5
"Percent.Below.30th.Quantile",0.0249074595269283,0.0249074595269283,"Total surface fuels",2,5
"lad_mean",0.0234713073243982,0.0234713073243982,"Total surface fuels",2,5
"lad_sum",0.02256925945327,0.02256925945327,"Total surface fuels",2,5
"Ny_mean",0.0223823827186557,0.0223823827186557,"Total surface fuels",2,5
"Percent.Below.40th.Quantile",0.0208530376234459,0.0208530376234459,"Total surface fuels",2,5
"Percent.Below.20th.Quantile",0.0159228734004322,0.0159228734004322,"Total surface fuels",2,5
"Linearity_mean",0.0158257170761725,0.0158257170761725,"Total surface fuels",2,5
"Percent.Below.10th.Quantile",-0.0158012140570492,0.0158012140570492,"Total surface fuels",2,5
"zpcum1",-0.0142279156793781,0.0142279156793781,"Total surface fuels",2,5
"Percent.Below.30th.Quantile",0.312634838533648,0.312634838533648,"Total surface fuels",3,1
"lad_max",0.256468659607701,0.256468659607701,"Total surface fuels",3,1
"Ny_mean",0.240140769079285,0.240140769079285,"Total surface fuels",3,1
"Percent.Below.40th.Quantile",0.227914347134777,0.227914347134777,"Total surface fuels",3,1
"PCA2_mean",0.215007242626324,0.215007242626324,"Total surface fuels",3,1
"zq5",-0.2005824184904,0.2005824184904,"Total surface fuels",3,1
"PCA1_mean",0.191511324997091,0.191511324997091,"Total surface fuels",3,1
"lad_mean",0.18808292385639,0.18808292385639,"Total surface fuels",3,1
"Oligophotic",-0.184528839851617,0.184528839851617,"Total surface fuels",3,1
"lad_sum",0.1832020916987,0.1832020916987,"Total surface fuels",3,1
"PC_Density_m3",0,0,"Total surface fuels",3,2
"cHull_vol",0,0,"Total surface fuels",3,2
"Alpha_Vol_m3",0,0,"Total surface fuels",3,2
"horizontalRumpel",0,0,"Total surface fuels",3,2
"mean_vox_ht",0,0,"Total surface fuels",3,2
"sd_vox_ht",0,0,"Total surface fuels",3,2
"zmax",0,0,"Total surface fuels",3,2
"zmean",0,0,"Total surface fuels",3,2
"zsd",0,0,"Total surface fuels",3,2
"zskew",0,0,"Total surface fuels",3,2
"PC_Density_m3",0,0,"Total surface fuels",3,3
"cHull_vol",0,0,"Total surface fuels",3,3
"Alpha_Vol_m3",0,0,"Total surface fuels",3,3
"horizontalRumpel",0,0,"Total surface fuels",3,3
"mean_vox_ht",0,0,"Total surface fuels",3,3
"sd_vox_ht",0,0,"Total surface fuels",3,3
"zmax",0,0,"Total surface fuels",3,3
"zmean",0,0,"Total surface fuels",3,3
"zsd",0,0,"Total surface fuels",3,3
"zskew",0,0,"Total surface fuels",3,3
"Percent.Below.30th.Quantile",0.468844358360878,0.468844358360878,"Total surface fuels",3,4
"lad_max",0.405357324490083,0.405357324490083,"Total surface fuels",3,4
"Ny_mean",0.247056980341906,0.247056980341906,"Total surface fuels",3,4
"PC_Density_m3",0,0,"Total surface fuels",3,4
"cHull_vol",0,0,"Total surface fuels",3,4
"Alpha_Vol_m3",0,0,"Total surface fuels",3,4
"horizontalRumpel",0,0,"Total surface fuels",3,4
"mean_vox_ht",0,0,"Total surface fuels",3,4
"sd_vox_ht",0,0,"Total surface fuels",3,4
"zmax",0,0,"Total surface fuels",3,4
"Total_PAD_RelZ0.30_0.50",0.0233998888068219,0.0233998888068219,"Total surface fuels",3,5
"Linearity_mean",0.0217428047988788,0.0217428047988788,"Total surface fuels",3,5
"Total_PAD_RelZ0.55_1.00",0.0213614643872164,0.0213614643872164,"Total surface fuels",3,5
"Ny_mean",0.021183302936782,0.021183302936782,"Total surface fuels",3,5
"lad_max",0.0211596424606641,0.0211596424606641,"Total surface fuels",3,5
"SD_PropOcc_RelZ0.55_1.00",0.0197185880195624,0.0197185880195624,"Total surface fuels",3,5
"Mean_PAD_RelZ0.30_0.50",0.0192469023107203,0.0192469023107203,"Total surface fuels",3,5
"lad_sum",0.0183582651300723,0.0183582651300723,"Total surface fuels",3,5
"Mean_PAD_RelZ0.55_1.00",0.017853150463329,0.017853150463329,"Total surface fuels",3,5
"lad_mean",0.0176664811784398,0.0176664811784398,"Total surface fuels",3,5
"Total_PAD_RelZ0.30_0.50",0.0574514383381773,0.0574514383381773,"Total surface fuels",4,1
"Mean_PAD_RelZ0.30_0.50",0.0522907617933884,0.0522907617933884,"Total surface fuels",4,1
"lad_max",0.0497174815982087,0.0497174815982087,"Total surface fuels",4,1
"Ny_mean",0.0493470621445016,0.0493470621445016,"Total surface fuels",4,1
"Linearity_mean",0.0443904525616837,0.0443904525616837,"Total surface fuels",4,1
"Total_PAD_RelZ0.55_1.00",0.0424094245487618,0.0424094245487618,"Total surface fuels",4,1
"lad_sum",0.0413382002737721,0.0413382002737721,"Total surface fuels",4,1
"lad_mean",0.0397868340826864,0.0397868340826864,"Total surface fuels",4,1
"SD_PropOcc_RelZ0.55_1.00",0.0392740134553675,0.0392740134553675,"Total surface fuels",4,1
"Percent.Below.20th.Quantile",0.0372095952136421,0.0372095952136421,"Total surface fuels",4,1
"lad_max",0.0170607985193956,0.0170607985193956,"Total surface fuels",4,2
"Percent.Below.40th.Quantile",0.0158878649682586,0.0158878649682586,"Total surface fuels",4,2
"lad_sum",0.0142696291359099,0.0142696291359099,"Total surface fuels",4,2
"Percent.Below.30th.Quantile",0.0138422771469733,0.0138422771469733,"Total surface fuels",4,2
"lad_mean",0.0136557224798696,0.0136557224798696,"Total surface fuels",4,2
"Ny_mean",0.0123555976363539,0.0123555976363539,"Total surface fuels",4,2
"PCA1_mean",0.0107696224398434,0.0107696224398434,"Total surface fuels",4,2
"ipcumzq90",0.0103124944794187,0.0103124944794187,"Total surface fuels",4,2
"PCA2_mean",0.00968390550549323,0.00968390550549323,"Total surface fuels",4,2
"Percent.Below.10th.Quantile",-0.00959846710108588,0.00959846710108588,"Total surface fuels",4,2
"lad_max",0.0266637042718205,0.0266637042718205,"Total surface fuels",4,3
"Percent.Below.30th.Quantile",0.0252812528055076,0.0252812528055076,"Total surface fuels",4,3
"Ny_mean",0.0247650117037267,0.0247650117037267,"Total surface fuels",4,3
"lad_sum",0.0223593499624291,0.0223593499624291,"Total surface fuels",4,3
"lad_mean",0.0223325246423319,0.0223325246423319,"Total surface fuels",4,3
"Percent.Below.40th.Quantile",0.0210838355755475,0.0210838355755475,"Total surface fuels",4,3
"Percent.Below.10th.Quantile",-0.0168447989804687,0.0168447989804687,"Total surface fuels",4,3
"PCA2_mean",0.0163895634574011,0.0163895634574011,"Total surface fuels",4,3
"zpcum1",-0.015787464163573,0.015787464163573,"Total surface fuels",4,3
"Linearity_mean",0.0157305171203083,0.0157305171203083,"Total surface fuels",4,3
"lad_max",0.154582628700083,0.154582628700083,"Total surface fuels",4,4
"Percent.Below.30th.Quantile",0.126397473904808,0.126397473904808,"Total surface fuels",4,4
"lad_mean",0.124692347386516,0.124692347386516,"Total surface fuels",4,4
"lad_sum",0.11894332682913,0.11894332682913,"Total surface fuels",4,4
"Ny_mean",0.108078875688963,0.108078875688963,"Total surface fuels",4,4
"Percent.Below.20th.Quantile",0.0844751856760004,0.0844751856760004,"Total surface fuels",4,4
"Percent.Below.40th.Quantile",0.0831273492323572,0.0831273492323572,"Total surface fuels",4,4
"PCA2_mean",0.08250407027004,0.08250407027004,"Total surface fuels",4,4
"PCA1_mean",0.0761639745913681,0.0761639745913681,"Total surface fuels",4,4
"Percent.Below.10th.Quantile",-0.0574855440803792,0.0574855440803792,"Total surface fuels",4,4
"Percent.Below.30th.Quantile",0.0265538313862005,0.0265538313862005,"Total surface fuels",4,5
"lad_max",0.0264290459261492,0.0264290459261492,"Total surface fuels",4,5
"Ny_mean",0.0228997519892355,0.0228997519892355,"Total surface fuels",4,5
"lad_sum",0.022238829147897,0.022238829147897,"Total surface fuels",4,5
"lad_mean",0.0217689710449191,0.0217689710449191,"Total surface fuels",4,5
"Percent.Below.40th.Quantile",0.0214246128402337,0.0214246128402337,"Total surface fuels",4,5
"Percent.Below.10th.Quantile",-0.0169955178334141,0.0169955178334141,"Total surface fuels",4,5
"Linearity_mean",0.0168497778499282,0.0168497778499282,"Total surface fuels",4,5
"zpcum1",-0.0155467667153409,0.0155467667153409,"Total surface fuels",4,5
"Percent.Below.20th.Quantile",0.0155360480593661,0.0155360480593661,"Total surface fuels",4,5
"lad_max",0.476702579536332,0.476702579536332,"Total surface fuels",5,1
"lad_sum",0.302120198085125,0.302120198085125,"Total surface fuels",5,1
"lad_mean",0.252077284728708,0.252077284728708,"Total surface fuels",5,1
"Ny_mean",0.226452812970066,0.226452812970066,"Total surface fuels",5,1
"Percent.Below.30th.Quantile",0.143709976374645,0.143709976374645,"Total surface fuels",5,1
"Linearity_mean",0.102708566414949,0.102708566414949,"Total surface fuels",5,1
"Percent.Below.40th.Quantile",0.0476524666095853,0.0476524666095853,"Total surface fuels",5,1
"PCA2_mean",0.0453669110454169,0.0453669110454169,"Total surface fuels",5,1
"PCA1_mean",0.012401247194378,0.012401247194378,"Total surface fuels",5,1
"PC_Density_m3",0,0,"Total surface fuels",5,1
"Total_PAD_RelZ0.30_0.50",0.0171039193170687,0.0171039193170687,"Total surface fuels",5,2
"Total_PAD_RelZ0.55_1.00",0.0162093459126628,0.0162093459126628,"Total surface fuels",5,2
"Mean_PAD_RelZ0.30_0.50",0.0154920778136959,0.0154920778136959,"Total surface fuels",5,2
"SD_PropOcc_RelZ0.55_1.00",0.0146716139170224,0.0146716139170224,"Total surface fuels",5,2
"Linearity_mean",0.0144876370085092,0.0144876370085092,"Total surface fuels",5,2
"Mean_PAD_RelZ0.55_1.00",0.0142376838694329,0.0142376838694329,"Total surface fuels",5,2
"lad_max",0.0141765955684214,0.0141765955684214,"Total surface fuels",5,2
"Ny_mean",0.01357084486542,0.01357084486542,"Total surface fuels",5,2
"lad_sum",0.0130466940769673,0.0130466940769673,"Total surface fuels",5,2
"eSum_mean",-0.0119651215309409,0.0119651215309409,"Total surface fuels",5,2
"lad_max",0.0281063723113564,0.0281063723113564,"Total surface fuels",5,3
"Percent.Below.30th.Quantile",0.0267065787822984,0.0267065787822984,"Total surface fuels",5,3
"Ny_mean",0.0248161636484147,0.0248161636484147,"Total surface fuels",5,3
"lad_sum",0.0231708546227786,0.0231708546227786,"Total surface fuels",5,3
"lad_mean",0.0228787255883713,0.0228787255883713,"Total surface fuels",5,3
"Percent.Below.40th.Quantile",0.0205374649342392,0.0205374649342392,"Total surface fuels",5,3
"Percent.Below.20th.Quantile",0.0191383207771334,0.0191383207771334,"Total surface fuels",5,3
"Linearity_mean",0.0163274363319661,0.0163274363319661,"Total surface fuels",5,3
"Percent.Below.10th.Quantile",-0.0159658391970484,0.0159658391970484,"Total surface fuels",5,3
"PCA2_mean",0.0147346108264386,0.0147346108264386,"Total surface fuels",5,3
"PC_Density_m3",0,0,"Total surface fuels",5,4
"cHull_vol",0,0,"Total surface fuels",5,4
"Alpha_Vol_m3",0,0,"Total surface fuels",5,4
"horizontalRumpel",0,0,"Total surface fuels",5,4
"mean_vox_ht",0,0,"Total surface fuels",5,4
"sd_vox_ht",0,0,"Total surface fuels",5,4
"zmax",0,0,"Total surface fuels",5,4
"zmean",0,0,"Total surface fuels",5,4
"zsd",0,0,"Total surface fuels",5,4
"zskew",0,0,"Total surface fuels",5,4
"lad_max",0.0231804688202398,0.0231804688202398,"Total surface fuels",5,5
"Percent.Below.40th.Quantile",0.0212411962162681,0.0212411962162681,"Total surface fuels",5,5
"lad_sum",0.0196336154747286,0.0196336154747286,"Total surface fuels",5,5
"Percent.Below.30th.Quantile",0.0191231875339584,0.0191231875339584,"Total surface fuels",5,5
"Ny_mean",0.0183122840479714,0.0183122840479714,"Total surface fuels",5,5
"lad_mean",0.0175847214825067,0.0175847214825067,"Total surface fuels",5,5
"ipcumzq90",0.0164287655593747,0.0164287655593747,"Total surface fuels",5,5
"PCA1_mean",0.0160182919182163,0.0160182919182163,"Total surface fuels",5,5
"ipcumzq70",0.0151561288189917,0.0151561288189917,"Total surface fuels",5,5
"PCA2_mean",0.0140770386788301,0.0140770386788301,"Total surface fuels",5,5
"lad_max",0.0351915757341921,0.0351915757341921,"Total surface fuels",6,1
"Percent.Below.30th.Quantile",0.0319628659427226,0.0319628659427226,"Total surface fuels",6,1
"lad_mean",0.0289222351481476,0.0289222351481476,"Total surface fuels",6,1
"lad_sum",0.028884015454044,0.028884015454044,"Total surface fuels",6,1
"Ny_mean",0.0271350534176314,0.0271350534176314,"Total surface fuels",6,1
"Percent.Below.40th.Quantile",0.0227691223701899,0.0227691223701899,"Total surface fuels",6,1
"Percent.Below.20th.Quantile",0.0208433545485323,0.0208433545485323,"Total surface fuels",6,1
"Linearity_mean",0.0197992000707341,0.0197992000707341,"Total surface fuels",6,1
"Percent.Below.10th.Quantile",-0.0184932346412567,0.0184932346412567,"Total surface fuels",6,1
"PCA1_mean",0.0184155706390878,0.0184155706390878,"Total surface fuels",6,1
"lad_max",0.0379552274000677,0.0379552274000677,"Total surface fuels",6,2
"Percent.Below.30th.Quantile",0.0371563147862709,0.0371563147862709,"Total surface fuels",6,2
"Ny_mean",0.0325415506894515,0.0325415506894515,"Total surface fuels",6,2
"lad_sum",0.0312765109892918,0.0312765109892918,"Total surface fuels",6,2
"lad_mean",0.0310417120748154,0.0310417120748154,"Total surface fuels",6,2
"Percent.Below.40th.Quantile",0.0295974831992438,0.0295974831992438,"Total surface fuels",6,2
"PCA2_mean",0.0241066779517714,0.0241066779517714,"Total surface fuels",6,2
"Percent.Below.20th.Quantile",0.0238679048414939,0.0238679048414939,"Total surface fuels",6,2
"Percent.Below.10th.Quantile",-0.0224191117638418,0.0224191117638418,"Total surface fuels",6,2
"PCA1_mean",0.0221124875752458,0.0221124875752458,"Total surface fuels",6,2
"lad_max",0.0180725404293918,0.0180725404293918,"Total surface fuels",6,3
"Percent.Below.40th.Quantile",0.016895966313876,0.016895966313876,"Total surface fuels",6,3
"lad_sum",0.0147446963648963,0.0147446963648963,"Total surface fuels",6,3
"lad_mean",0.0146115593099578,0.0146115593099578,"Total surface fuels",6,3
"Percent.Below.30th.Quantile",0.0141309076604591,0.0141309076604591,"Total surface fuels",6,3
"Ny_mean",0.0138025909987829,0.0138025909987829,"Total surface fuels",6,3
"PCA1_mean",0.00934060428576799,0.00934060428576799,"Total surface fuels",6,3
"ipcumzq90",0.00915234834623345,0.00915234834623345,"Total surface fuels",6,3
"PCA2_mean",0.0089376719831963,0.0089376719831963,"Total surface fuels",6,3
"Percent.Below.10th.Quantile",-0.00884085847155641,0.00884085847155641,"Total surface fuels",6,3
"Total_PAD_RelZ0.30_0.50",0.0107213122371345,0.0107213122371345,"Total surface fuels",6,4
"Mean_PAD_RelZ0.30_0.50",0.0100729135190823,0.0100729135190823,"Total surface fuels",6,4
"Ny_mean",0.0100308972496173,0.0100308972496173,"Total surface fuels",6,4
"Total_PAD_RelZ0.55_1.00",0.00950667104489456,0.00950667104489456,"Total surface fuels",6,4
"Linearity_mean",0.00937661258629962,0.00937661258629962,"Total surface fuels",6,4
"SD_PropOcc_RelZ0.55_1.00",0.00936902849310447,0.00936902849310447,"Total surface fuels",6,4
"lad_max",0.00867675993758436,0.00867675993758436,"Total surface fuels",6,4
"Mean_PAD_RelZ0.55_1.00",0.00842472239142831,0.00842472239142831,"Total surface fuels",6,4
"lad_sum",0.00840623234203098,0.00840623234203098,"Total surface fuels",6,4
"eMedium_mean",-0.00815855768921172,0.00815855768921172,"Total surface fuels",6,4
"lad_max",0.100160430996396,0.100160430996396,"Total surface fuels",6,5
"Percent.Below.30th.Quantile",0.0997643407258399,0.0997643407258399,"Total surface fuels",6,5
"Ny_mean",0.0810980041092346,0.0810980041092346,"Total surface fuels",6,5
"lad_mean",0.0783895846759998,0.0783895846759998,"Total surface fuels",6,5
"lad_sum",0.0769375525838433,0.0769375525838433,"Total surface fuels",6,5
"PCA2_mean",0.074880774975399,0.074880774975399,"Total surface fuels",6,5
"Percent.Below.40th.Quantile",0.0700879365982266,0.0700879365982266,"Total surface fuels",6,5
"PCA1_mean",0.0659008558493161,0.0659008558493161,"Total surface fuels",6,5
"Percent.Below.20th.Quantile",0.0603508871723198,0.0603508871723198,"Total surface fuels",6,5
"Linearity_mean",0.0500925466428083,0.0500925466428083,"Total surface fuels",6,5
"lad_max",0.0296646105668297,0.0296646105668297,"Total surface fuels",7,1
"Percent.Below.30th.Quantile",0.026553924559974,0.026553924559974,"Total surface fuels",7,1
"lad_sum",0.0253264955750391,0.0253264955750391,"Total surface fuels",7,1
"lad_mean",0.0244180505305701,0.0244180505305701,"Total surface fuels",7,1
"Ny_mean",0.0241032449063044,0.0241032449063044,"Total surface fuels",7,1
"Percent.Below.40th.Quantile",0.0215821725258641,0.0215821725258641,"Total surface fuels",7,1
"Percent.Below.20th.Quantile",0.0179182936744998,0.0179182936744998,"Total surface fuels",7,1
"Percent.Below.10th.Quantile",-0.0167969838469038,0.0167969838469038,"Total surface fuels",7,1
"Linearity_mean",0.0161831963478949,0.0161831963478949,"Total surface fuels",7,1
"PCA2_mean",0.0159224482564765,0.0159224482564765,"Total surface fuels",7,1
"PC_Density_m3",0,0,"Total surface fuels",7,2
"cHull_vol",0,0,"Total surface fuels",7,2
"Alpha_Vol_m3",0,0,"Total surface fuels",7,2
"horizontalRumpel",0,0,"Total surface fuels",7,2
"mean_vox_ht",0,0,"Total surface fuels",7,2
"sd_vox_ht",0,0,"Total surface fuels",7,2
"zmax",0,0,"Total surface fuels",7,2
"zmean",0,0,"Total surface fuels",7,2
"zsd",0,0,"Total surface fuels",7,2
"zskew",0,0,"Total surface fuels",7,2
"lad_max",0.0201452440319794,0.0201452440319794,"Total surface fuels",7,3
"lad_sum",0.01704440450298,0.01704440450298,"Total surface fuels",7,3
"Percent.Below.40th.Quantile",0.0158386717477756,0.0158386717477756,"Total surface fuels",7,3
"lad_mean",0.0156329993101219,0.0156329993101219,"Total surface fuels",7,3
"Percent.Below.30th.Quantile",0.0148276510041704,0.0148276510041704,"Total surface fuels",7,3
"Ny_mean",0.0142259592068105,0.0142259592068105,"Total surface fuels",7,3
"ipcumzq90",0.0127970234640113,0.0127970234640113,"Total surface fuels",7,3
"ipcumzq70",0.0124222326613925,0.0124222326613925,"Total surface fuels",7,3
"PCA1_mean",0.0122318047796176,0.0122318047796176,"Total surface fuels",7,3
"PCA2_mean",0.0108725431303963,0.0108725431303963,"Total surface fuels",7,3
"lad_max",0.0275560066003591,0.0275560066003591,"Total surface fuels",7,4
"Percent.Below.30th.Quantile",0.0255197947998728,0.0255197947998728,"Total surface fuels",7,4
"Ny_mean",0.0232038096160265,0.0232038096160265,"Total surface fuels",7,4
"lad_mean",0.0231015455090417,0.0231015455090417,"Total surface fuels",7,4
"lad_sum",0.0230488150148393,0.0230488150148393,"Total surface fuels",7,4
"Percent.Below.40th.Quantile",0.0204393145163489,0.0204393145163489,"Total surface fuels",7,4
"Percent.Below.10th.Quantile",-0.0171333820095481,0.0171333820095481,"Total surface fuels",7,4
"PCA2_mean",0.0166707022085638,0.0166707022085638,"Total surface fuels",7,4
"Linearity_mean",0.016336264579848,0.016336264579848,"Total surface fuels",7,4
"Percent.Below.20th.Quantile",0.0163029594677235,0.0163029594677235,"Total surface fuels",7,4
"Ny_mean",0.00385116769356299,0.00385116769356299,"Total surface fuels",7,5
"PC_Density_m3",0,0,"Total surface fuels",7,5
"cHull_vol",0,0,"Total surface fuels",7,5
"Alpha_Vol_m3",0,0,"Total surface fuels",7,5
"horizontalRumpel",0,0,"Total surface fuels",7,5
"mean_vox_ht",0,0,"Total surface fuels",7,5
"sd_vox_ht",0,0,"Total surface fuels",7,5
"zmax",0,0,"Total surface fuels",7,5
"zmean",0,0,"Total surface fuels",7,5
"zsd",0,0,"Total surface fuels",7,5
"lad_max",0.047632497140603,0.047632497140603,"Total surface fuels",8,1
"lad_sum",0.0396661734314269,0.0396661734314269,"Total surface fuels",8,1
"lad_mean",0.0395431952745534,0.0395431952745534,"Total surface fuels",8,1
"Ny_mean",0.0381394368345509,0.0381394368345509,"Total surface fuels",8,1
"Percent.Below.30th.Quantile",0.0381260502922518,0.0381260502922518,"Total surface fuels",8,1
"Percent.Below.40th.Quantile",0.0299742343122504,0.0299742343122504,"Total surface fuels",8,1
"PCA2_mean",0.0262828614173286,0.0262828614173286,"Total surface fuels",8,1
"Percent.Below.10th.Quantile",-0.0251861783038058,0.0251861783038058,"Total surface fuels",8,1
"Percent.Below.20th.Quantile",0.0243063053028036,0.0243063053028036,"Total surface fuels",8,1
"Linearity_mean",0.0242727014381177,0.0242727014381177,"Total surface fuels",8,1
"Total_PAD_RelZ0.30_0.50",0.0106733734966773,0.0106733734966773,"Total surface fuels",8,2
"Linearity_mean",0.0099919791656013,0.0099919791656013,"Total surface fuels",8,2
"Mean_PAD_RelZ0.30_0.50",0.00998129876015697,0.00998129876015697,"Total surface fuels",8,2
"Ny_mean",0.00992043515190695,0.00992043515190695,"Total surface fuels",8,2
"SD_PropOcc_RelZ0.55_1.00",0.00929386808409064,0.00929386808409064,"Total surface fuels",8,2
"lad_max",0.00919194195064363,0.00919194195064363,"Total surface fuels",8,2
"Total_PAD_RelZ0.55_1.00",0.00857465824977685,0.00857465824977685,"Total surface fuels",8,2
"eMedium_mean",-0.00844081354362941,0.00844081354362941,"Total surface fuels",8,2
"lad_sum",0.00839189239764434,0.00839189239764434,"Total surface fuels",8,2
"SD_PropOcc_RelZ0.30_0.50",0.00836337056447086,0.00836337056447086,"Total surface fuels",8,2
"lad_max",0.0308397235393558,0.0308397235393558,"Total surface fuels",8,3
"Percent.Below.30th.Quantile",0.027352391375687,0.027352391375687,"Total surface fuels",8,3
"lad_mean",0.0267223107038236,0.0267223107038236,"Total surface fuels",8,3
"lad_sum",0.0254792600622866,0.0254792600622866,"Total surface fuels",8,3
"Ny_mean",0.0239679789114973,0.0239679789114973,"Total surface fuels",8,3
"Percent.Below.40th.Quantile",0.022069437476929,0.022069437476929,"Total surface fuels",8,3
"Percent.Below.20th.Quantile",0.0192391802180269,0.0192391802180269,"Total surface fuels",8,3
"Percent.Below.10th.Quantile",-0.0164306760236317,0.0164306760236317,"Total surface fuels",8,3
"Linearity_mean",0.0156000367405993,0.0156000367405993,"Total surface fuels",8,3
"PCA2_mean",0.015345734925487,0.015345734925487,"Total surface fuels",8,3
"Percent.Below.30th.Quantile",0.329097027478603,0.329097027478603,"Total surface fuels",8,4
"Ny_mean",0.274168711172553,0.274168711172553,"Total surface fuels",8,4
"lad_max",0.272821203178227,0.272821203178227,"Total surface fuels",8,4
"Percent.Below.40th.Quantile",0.246439959302185,0.246439959302185,"Total surface fuels",8,4
"PCA2_mean",0.246002406878032,0.246002406878032,"Total surface fuels",8,4
"PCA1_mean",0.203478386282987,0.203478386282987,"Total surface fuels",8,4
"zq5",-0.191907525799943,0.191907525799943,"Total surface fuels",8,4
"lad_mean",0.189116243917941,0.189116243917941,"Total surface fuels",8,4
"lad_sum",0.186599282122736,0.186599282122736,"Total surface fuels",8,4
"Oligophotic",-0.175095329330253,0.175095329330253,"Total surface fuels",8,4
"PC_Density_m3",0,0,"Total surface fuels",8,5
"cHull_vol",0,0,"Total surface fuels",8,5
"Alpha_Vol_m3",0,0,"Total surface fuels",8,5
"horizontalRumpel",0,0,"Total surface fuels",8,5
"mean_vox_ht",0,0,"Total surface fuels",8,5
"sd_vox_ht",0,0,"Total surface fuels",8,5
"zmax",0,0,"Total surface fuels",8,5
"zmean",0,0,"Total surface fuels",8,5
"zsd",0,0,"Total surface fuels",8,5
"zskew",0,0,"Total surface fuels",8,5
"Percent.Below.30th.Quantile",0.18104247028643,0.18104247028643,"Total surface fuels",9,1
"lad_max",0.175867938828067,0.175867938828067,"Total surface fuels",9,1
"Ny_mean",0.151610844938964,0.151610844938964,"Total surface fuels",9,1
"PCA2_mean",0.14682476932698,0.14682476932698,"Total surface fuels",9,1
"lad_sum",0.134458642333193,0.134458642333193,"Total surface fuels",9,1
"lad_mean",0.133618913150524,0.133618913150524,"Total surface fuels",9,1
"Percent.Below.40th.Quantile",0.130290240261511,0.130290240261511,"Total surface fuels",9,1
"PCA1_mean",0.120501985211634,0.120501985211634,"Total surface fuels",9,1
"Percent.Below.20th.Quantile",0.106368010329397,0.106368010329397,"Total surface fuels",9,1
"zq5",-0.101614144519535,0.101614144519535,"Total surface fuels",9,1
"lad_max",0.0765937298845295,0.0765937298845295,"Total surface fuels",9,2
"Percent.Below.30th.Quantile",0.0732607753336986,0.0732607753336986,"Total surface fuels",9,2
"lad_mean",0.062806613359778,0.062806613359778,"Total surface fuels",9,2
"Ny_mean",0.0605848283607484,0.0605848283607484,"Total surface fuels",9,2
"lad_sum",0.0598581372222098,0.0598581372222098,"Total surface fuels",9,2
"Percent.Below.40th.Quantile",0.0576055236143015,0.0576055236143015,"Total surface fuels",9,2
"PCA2_mean",0.0485702613288956,0.0485702613288956,"Total surface fuels",9,2
"PCA1_mean",0.0466176150216178,0.0466176150216178,"Total surface fuels",9,2
"Percent.Below.20th.Quantile",0.0461974163833769,0.0461974163833769,"Total surface fuels",9,2
"Percent.Below.10th.Quantile",-0.0366422855503732,0.0366422855503732,"Total surface fuels",9,2
"lad_max",0.044378741193695,0.044378741193695,"Total surface fuels",9,3
"Percent.Below.30th.Quantile",0.0432058467374622,0.0432058467374622,"Total surface fuels",9,3
"Ny_mean",0.0373241394998238,0.0373241394998238,"Total surface fuels",9,3
"lad_mean",0.0353916903782835,0.0353916903782835,"Total surface fuels",9,3
"lad_sum",0.0347022872462536,0.0347022872462536,"Total surface fuels",9,3
"Percent.Below.40th.Quantile",0.0297859237647855,0.0297859237647855,"Total surface fuels",9,3
"Percent.Below.20th.Quantile",0.0281578638627647,0.0281578638627647,"Total surface fuels",9,3
"PCA2_mean",0.026594701459475,0.026594701459475,"Total surface fuels",9,3
"Linearity_mean",0.0237990226502749,0.0237990226502749,"Total surface fuels",9,3
"Percent.Below.10th.Quantile",-0.0236516353473806,0.0236516353473806,"Total surface fuels",9,3
"lad_max",0.0160823749822143,0.0160823749822143,"Total surface fuels",9,4
"Percent.Below.40th.Quantile",0.0155916116614435,0.0155916116614435,"Total surface fuels",9,4
"Ny_mean",0.0146152997701041,0.0146152997701041,"Total surface fuels",9,4
"lad_sum",0.0142135187427198,0.0142135187427198,"Total surface fuels",9,4
"Percent.Below.30th.Quantile",0.0136665067333962,0.0136665067333962,"Total surface fuels",9,4
"PCA1_mean",0.0129858450902771,0.0129858450902771,"Total surface fuels",9,4
"ipcumzq90",0.0122833898674797,0.0122833898674797,"Total surface fuels",9,4
"lad_mean",0.0121121008516341,0.0121121008516341,"Total surface fuels",9,4
"ipcumzq70",0.0115402946060098,0.0115402946060098,"Total surface fuels",9,4
"PCA2_mean",0.0113287471190503,0.0113287471190503,"Total surface fuels",9,4
"Total_PAD_RelZ0.30_0.50",0.0122397001706829,0.0122397001706829,"Total surface fuels",9,5
"Linearity_mean",0.0117929418951338,0.0117929418951338,"Total surface fuels",9,5
"lad_max",0.0116150278695146,0.0116150278695146,"Total surface fuels",9,5
"Ny_mean",0.0115568531912838,0.0115568531912838,"Total surface fuels",9,5
"Mean_PAD_RelZ0.30_0.50",0.010542586557053,0.010542586557053,"Total surface fuels",9,5
"lad_sum",0.0101983454719077,0.0101983454719077,"Total surface fuels",9,5
"lad_mean",0.0100194457434359,0.0100194457434359,"Total surface fuels",9,5
"SD_PropOcc_RelZ0.30_0.50",0.00973806989338495,0.00973806989338495,"Total surface fuels",9,5
"eSum_mean",-0.00961637415555664,0.00961637415555664,"Total surface fuels",9,5
"eMedium_mean",-0.00951275806319255,0.00951275806319255,"Total surface fuels",9,5
"lad_max",0.0312513492237361,0.0312513492237361,"Total surface fuels",10,1
"lad_sum",0.0269567105503818,0.0269567105503818,"Total surface fuels",10,1
"Percent.Below.40th.Quantile",0.0248080710142087,0.0248080710142087,"Total surface fuels",10,1
"lad_mean",0.0247758690441003,0.0247758690441003,"Total surface fuels",10,1
"Ny_mean",0.0237782152574996,0.0237782152574996,"Total surface fuels",10,1
"PCA1_mean",0.0235800818064585,0.0235800818064585,"Total surface fuels",10,1
"Percent.Below.30th.Quantile",0.022342632934148,0.022342632934148,"Total surface fuels",10,1
"PCA2_mean",0.0204045265741661,0.0204045265741661,"Total surface fuels",10,1
"ipcumzq90",0.01858207658647,0.01858207658647,"Total surface fuels",10,1
"ipcumzq70",0.0177690941086693,0.0177690941086693,"Total surface fuels",10,1
"Total_PAD_RelZ0.30_0.50",0.0259214904596886,0.0259214904596886,"Total surface fuels",10,2
"PC_Density_m3",0,0,"Total surface fuels",10,2
"cHull_vol",0,0,"Total surface fuels",10,2
"Alpha_Vol_m3",0,0,"Total surface fuels",10,2
"horizontalRumpel",0,0,"Total surface fuels",10,2
"mean_vox_ht",0,0,"Total surface fuels",10,2
"sd_vox_ht",0,0,"Total surface fuels",10,2
"zmax",0,0,"Total surface fuels",10,2
"zmean",0,0,"Total surface fuels",10,2
"zsd",0,0,"Total surface fuels",10,2
"lad_max",0.102268899402456,0.102268899402456,"Total surface fuels",10,3
"Percent.Below.30th.Quantile",0.0676881792200804,0.0676881792200804,"Total surface fuels",10,3
"Ny_mean",0.047748805560709,0.047748805560709,"Total surface fuels",10,3
"lad_sum",0.0348794317293998,0.0348794317293998,"Total surface fuels",10,3
"PC_Density_m3",0,0,"Total surface fuels",10,3
"cHull_vol",0,0,"Total surface fuels",10,3
"Alpha_Vol_m3",0,0,"Total surface fuels",10,3
"horizontalRumpel",0,0,"Total surface fuels",10,3
"mean_vox_ht",0,0,"Total surface fuels",10,3
"sd_vox_ht",0,0,"Total surface fuels",10,3
"Percent.Below.30th.Quantile",0.687172591892859,0.687172591892859,"Total surface fuels",10,4
"lad_max",0.611405730870373,0.611405730870373,"Total surface fuels",10,4
"Ny_mean",0.606614545719693,0.606614545719693,"Total surface fuels",10,4
"Oligophotic",-0.419395658787913,0.419395658787913,"Total surface fuels",10,4
"PCA2_mean",0.340562235772343,0.340562235772343,"Total surface fuels",10,4
"Percent.Below.40th.Quantile",0.280068657106081,0.280068657106081,"Total surface fuels",10,4
"ipcumzq70",0.277481630599511,0.277481630599511,"Total surface fuels",10,4
"Linearity_mean",0.269411625303494,0.269411625303494,"Total surface fuels",10,4
"PCA2_sd",-0.225952892834487,0.225952892834487,"Total surface fuels",10,4
"lad_sum",0.224030124859295,0.224030124859295,"Total surface fuels",10,4
"lad_max",0.0279403411090922,0.0279403411090922,"Total surface fuels",10,5
"Percent.Below.30th.Quantile",0.0254719988654676,0.0254719988654676,"Total surface fuels",10,5
"lad_mean",0.0231435686140837,0.0231435686140837,"Total surface fuels",10,5
"lad_sum",0.0230199031734278,0.0230199031734278,"Total surface fuels",10,5
"Ny_mean",0.0223242851235527,0.0223242851235527,"Total surface fuels",10,5
"Percent.Below.40th.Quantile",0.0189598777928024,0.0189598777928024,"Total surface fuels",10,5
"Percent.Below.20th.Quantile",0.016419641266051,0.016419641266051,"Total surface fuels",10,5
"PCA2_mean",0.0159458450254512,0.0159458450254512,"Total surface fuels",10,5
"Percent.Below.10th.Quantile",-0.0158949174853037,0.0158949174853037,"Total surface fuels",10,5
"Linearity_mean",0.0155646364886138,0.0155646364886138,"Total surface fuels",10,5
"imean",0.00542783607160574,0.00542783607160574,"Herbaceous fuels",1,1
"Percent.Below.20th.Quantile",0.0023194222046306,0.0023194222046306,"Herbaceous fuels",1,1
"eSmallest_mean",0.0022620804918952,0.0022620804918952,"Herbaceous fuels",1,1
"Omnivariance_mean",0.00204207868313071,0.00204207868313071,"Herbaceous fuels",1,1
"Anisotropy_mean",-0.00202775619730965,0.00202775619730965,"Herbaceous fuels",1,1
"Sphericity_mean",0.00155586107902824,0.00155586107902824,"Herbaceous fuels",1,1
"Total_PAD_FullROI",-0.00152407538111021,0.00152407538111021,"Herbaceous fuels",1,1
"eSmallest_sd",0.0014853361545198,0.0014853361545198,"Herbaceous fuels",1,1
"vzrumple",-0.00134097020704953,0.00134097020704953,"Herbaceous fuels",1,1
"SD_PropOcc_FullROI",-0.00124410439063493,0.00124410439063493,"Herbaceous fuels",1,1
"imean",0.00206539426693627,0.00206539426693627,"Herbaceous fuels",1,2
"eSmallest_mean",0.00155355317125893,0.00155355317125893,"Herbaceous fuels",1,2
"Anisotropy_mean",-0.00149866841169612,0.00149866841169612,"Herbaceous fuels",1,2
"Sphericity_mean",0.00146621903594482,0.00146621903594482,"Herbaceous fuels",1,2
"Omnivariance_mean",0.00135722190429289,0.00135722190429289,"Herbaceous fuels",1,2
"ChangeCurvature_mean",0.00129983423018139,0.00129983423018139,"Herbaceous fuels",1,2
"Curvature_mean",0.00129653100102471,0.00129653100102471,"Herbaceous fuels",1,2
"NormalChangeRate_sd",-0.00129319537937119,0.00129319537937119,"Herbaceous fuels",1,2
"Planarity_sd",-0.00128558272603359,0.00128558272603359,"Herbaceous fuels",1,2
"Percent.Below.20th.Quantile",0.00121944492032801,0.00121944492032801,"Herbaceous fuels",1,2
"eSmallest_mean",0.0147633333326182,0.0147633333326182,"Herbaceous fuels",1,3
"imean",0.00836746594512027,0.00836746594512027,"Herbaceous fuels",1,3
"Total_PAD_FullROI",-0.00232530592399327,0.00232530592399327,"Herbaceous fuels",1,3
"SD_PropOcc_RelZ1.05_2.00",-0.00208520499035264,0.00208520499035264,"Herbaceous fuels",1,3
"iskew",-0.00159798658513835,0.00159798658513835,"Herbaceous fuels",1,3
"Total_PAD_RelZ0.55_1.00",-0.00106001987631025,0.00106001987631025,"Herbaceous fuels",1,3
"PC_Density_m3",0,0,"Herbaceous fuels",1,3
"cHull_vol",0,0,"Herbaceous fuels",1,3
"Alpha_Vol_m3",0,0,"Herbaceous fuels",1,3
"horizontalRumpel",0,0,"Herbaceous fuels",1,3
"imean",0.00874456347463288,0.00874456347463288,"Herbaceous fuels",1,4
"PC_Strata_0.25.0.50",0.0052543902470753,0.0052543902470753,"Herbaceous fuels",1,4
"eSmallest_mean",0.00352300957883723,0.00352300957883723,"Herbaceous fuels",1,4
"Anisotropy_mean",-0.00304254459844848,0.00304254459844848,"Herbaceous fuels",1,4
"Omnivariance_mean",0.00285368317057097,0.00285368317057097,"Herbaceous fuels",1,4
"Percent.Below.20th.Quantile",0.00261745895213688,0.00261745895213688,"Herbaceous fuels",1,4
"Linearity_mean",-0.00258432950395058,0.00258432950395058,"Herbaceous fuels",1,4
"lad_min",-0.00233311097988583,0.00233311097988583,"Herbaceous fuels",1,4
"PCA1_mean",0.00228385353063261,0.00228385353063261,"Herbaceous fuels",1,4
"Sphericity_mean",0.00216617538686281,0.00216617538686281,"Herbaceous fuels",1,4
"imean",0.0143937094953311,0.0143937094953311,"Herbaceous fuels",1,5
"eSmallest_mean",0.0123574074787594,0.0123574074787594,"Herbaceous fuels",1,5
"Percent.Below.20th.Quantile",0.00665185275287418,0.00665185275287418,"Herbaceous fuels",1,5
"Total_PAD_FullROI",-0.00643137481507462,0.00643137481507462,"Herbaceous fuels",1,5
"lad_min",-0.00287349711404426,0.00287349711404426,"Herbaceous fuels",1,5
"SD_PropOcc_RelZ1.05_2.00",-0.00120399444066263,0.00120399444066263,"Herbaceous fuels",1,5
"Total_PAD_RelZ0.55_1.00",-0.00052416973169732,0.00052416973169732,"Herbaceous fuels",1,5
"Mean_PAD_RelZ0.55_1.00",-0.000111009666879565,0.000111009666879565,"Herbaceous fuels",1,5
"Skew_PropOcc_RelZ0_0.25",0.000102452179509924,0.000102452179509924,"Herbaceous fuels",1,5
"PC_Density_m3",0,0,"Herbaceous fuels",1,5
"imean",0.0131306137317076,0.0131306137317076,"Herbaceous fuels",2,1
"eSmallest_mean",0.0100457146252214,0.0100457146252214,"Herbaceous fuels",2,1
"Percent.Below.20th.Quantile",0.00550168839321995,0.00550168839321995,"Herbaceous fuels",2,1
"Total_PAD_FullROI",-0.00330650817842385,0.00330650817842385,"Herbaceous fuels",2,1
"lad_min",-0.00195656768900596,0.00195656768900596,"Herbaceous fuels",2,1
"zq90",-0.00155127814760519,0.00155127814760519,"Herbaceous fuels",2,1
"PCA1_mean",0.0013416529438598,0.0013416529438598,"Herbaceous fuels",2,1
"iskew",-0.000430410659609536,0.000430410659609536,"Herbaceous fuels",2,1
"Mean_PAD_RelZ1.05_2.00",-0.000144368747042057,0.000144368747042057,"Herbaceous fuels",2,1
"PC_Density_m3",0,0,"Herbaceous fuels",2,1
"imean",0.00500873576534632,0.00500873576534632,"Herbaceous fuels",2,2
"Percent.Below.20th.Quantile",0.00320757167984777,0.00320757167984777,"Herbaceous fuels",2,2
"eSmallest_mean",0.00316099745874842,0.00316099745874842,"Herbaceous fuels",2,2
"Omnivariance_mean",0.00266794018999163,0.00266794018999163,"Herbaceous fuels",2,2
"Anisotropy_mean",-0.00252215328173892,0.00252215328173892,"Herbaceous fuels",2,2
"Sphericity_mean",0.00242290247236777,0.00242290247236777,"Herbaceous fuels",2,2
"Total_PAD_FullROI",-0.00162770480642854,0.00162770480642854,"Herbaceous fuels",2,2
"iskew",-0.00158487490693597,0.00158487490693597,"Herbaceous fuels",2,2
"ChangeCurvature_mean",0.00152407390164612,0.00152407390164612,"Herbaceous fuels",2,2
"Curvature_mean",0.00150935930327385,0.00150935930327385,"Herbaceous fuels",2,2
"imean",0.00160113026936334,0.00160113026936334,"Herbaceous fuels",2,3
"eSmallest_mean",0.00147627806830972,0.00147627806830972,"Herbaceous fuels",2,3
"Anisotropy_mean",-0.00137810916587015,0.00137810916587015,"Herbaceous fuels",2,3
"Nx_mean",0.00133232373402634,0.00133232373402634,"Herbaceous fuels",2,3
"Sphericity_mean",0.00133005082170883,0.00133005082170883,"Herbaceous fuels",2,3
"Omnivariance_mean",0.00126259894287849,0.00126259894287849,"Herbaceous fuels",2,3
"Linearity_mean",-0.00117789085646324,0.00117789085646324,"Herbaceous fuels",2,3
"NormalChangeRate_sd",-0.00112223767540144,0.00112223767540144,"Herbaceous fuels",2,3
"Planarity_sd",-0.00112049932542688,0.00112049932542688,"Herbaceous fuels",2,3
"ChangeCurvature_mean",0.00110805123166758,0.00110805123166758,"Herbaceous fuels",2,3
"eSmallest_mean",0.0139564547949137,0.0139564547949137,"Herbaceous fuels",2,4
"imean",0.0130143786266547,0.0130143786266547,"Herbaceous fuels",2,4
"Total_PAD_FullROI",-0.00585757179798679,0.00585757179798679,"Herbaceous fuels",2,4
"Percent_EmptySpace_RelZ1.05_2.00",0.00141939947344708,0.00141939947344708,"Herbaceous fuels",2,4
"SD_PropOcc_FullROI",-0.00105859278878004,0.00105859278878004,"Herbaceous fuels",2,4
"lad_min",-0.000952274718961318,0.000952274718961318,"Herbaceous fuels",2,4
"Percent.Below.20th.Quantile",0.000733003694982057,0.000733003694982057,"Herbaceous fuels",2,4
"Total_PAD_RelZ0.55_1.00",-0.000466457899615708,0.000466457899615708,"Herbaceous fuels",2,4
"PC_Density_m3",0,0,"Herbaceous fuels",2,4
"cHull_vol",0,0,"Herbaceous fuels",2,4
"eSmallest_mean",0.0128033690847363,0.0128033690847363,"Herbaceous fuels",2,5
"imean",0.0102617590099251,0.0102617590099251,"Herbaceous fuels",2,5
"Percent.Below.20th.Quantile",0.00231563603961956,0.00231563603961956,"Herbaceous fuels",2,5
"Total_PAD_FullROI",-0.000467030223909939,0.000467030223909939,"Herbaceous fuels",2,5
"Percent.Below.90th.Quantile",-0.000429895367617472,0.000429895367617472,"Herbaceous fuels",2,5
"zpcum7",4.41187441042448e-05,4.41187441042448e-05,"Herbaceous fuels",2,5
"PC_Density_m3",0,0,"Herbaceous fuels",2,5
"cHull_vol",0,0,"Herbaceous fuels",2,5
"Alpha_Vol_m3",0,0,"Herbaceous fuels",2,5
"horizontalRumpel",0,0,"Herbaceous fuels",2,5
"imean",0.00682552645896176,0.00682552645896176,"Herbaceous fuels",3,1
"eSmallest_mean",0.00331726869949323,0.00331726869949323,"Herbaceous fuels",3,1
"Anisotropy_mean",-0.00321211569228539,0.00321211569228539,"Herbaceous fuels",3,1
"Sphericity_mean",0.00216954099316664,0.00216954099316664,"Herbaceous fuels",3,1
"iskew",-0.00195819622160822,0.00195819622160822,"Herbaceous fuels",3,1
"Percent.Below.20th.Quantile",0.00172627266380875,0.00172627266380875,"Herbaceous fuels",3,1
"Omnivariance_mean",0.00167843637782596,0.00167843637782596,"Herbaceous fuels",3,1
"lad_min",-0.00131724329211315,0.00131724329211315,"Herbaceous fuels",3,1
"Percent_EmptySpace_RelZ1.05_2.00",0.000808553743644697,0.000808553743644697,"Herbaceous fuels",3,1
"Total_PAD_RelZ0.55_1.00",-0.000791211154428213,0.000791211154428213,"Herbaceous fuels",3,1
"imean",0.00497902854133132,0.00497902854133132,"Herbaceous fuels",3,2
"eSmallest_mean",0.00370795274344121,0.00370795274344121,"Herbaceous fuels",3,2
"Percent.Below.20th.Quantile",0.00317332828616573,0.00317332828616573,"Herbaceous fuels",3,2
"Total_PAD_FullROI",-0.00284804471605545,0.00284804471605545,"Herbaceous fuels",3,2
"Omnivariance_mean",0.00276232802738436,0.00276232802738436,"Herbaceous fuels",3,2
"PC_Strata_0.25.0.50",0.00256422490025925,0.00256422490025925,"Herbaceous fuels",3,2
"Sphericity_mean",0.00248514377025147,0.00248514377025147,"Herbaceous fuels",3,2
"Anisotropy_mean",-0.00228271119547512,0.00228271119547512,"Herbaceous fuels",3,2
"lad_min",-0.00206580277505317,0.00206580277505317,"Herbaceous fuels",3,2
"SD_PropOcc_RelZ1.05_2.00",-0.0015633924847233,0.0015633924847233,"Herbaceous fuels",3,2
"imean",0.00218023769052408,0.00218023769052408,"Herbaceous fuels",3,3
"Percent.Below.20th.Quantile",0.00146526291012003,0.00146526291012003,"Herbaceous fuels",3,3
"eSmallest_mean",0.00139508388486019,0.00139508388486019,"Herbaceous fuels",3,3
"Anisotropy_mean",-0.00138453127628111,0.00138453127628111,"Herbaceous fuels",3,3
"Sphericity_mean",0.00129719369202849,0.00129719369202849,"Herbaceous fuels",3,3
"Omnivariance_mean",0.00126785301464211,0.00126785301464211,"Herbaceous fuels",3,3
"SD_PropOcc_FullROI",-0.00115623603537431,0.00115623603537431,"Herbaceous fuels",3,3
"X.Occlusion_RelZ0_0.25",-0.00115560675714463,0.00115560675714463,"Herbaceous fuels",3,3
"Mean_PropOcc_RelZ0_0.25",-0.00114536949772887,0.00114536949772887,"Herbaceous fuels",3,3
"ChangeCurvature_mean",0.0011368663471982,0.0011368663471982,"Herbaceous fuels",3,3
"eSmallest_mean",0.0164351651674142,0.0164351651674142,"Herbaceous fuels",3,4
"imean",0.0150794735125635,0.0150794735125635,"Herbaceous fuels",3,4
"Total_PAD_FullROI",-0.00448748861830337,0.00448748861830337,"Herbaceous fuels",3,4
"SD_PropOcc_RelZ1.05_2.00",-0.00307774979420634,0.00307774979420634,"Herbaceous fuels",3,4
"PCA1_mean",0.00212763830494278,0.00212763830494278,"Herbaceous fuels",3,4
"Percent.Below.20th.Quantile",0.00024350942273744,0.00024350942273744,"Herbaceous fuels",3,4
"Mean_PAD_RelZ1.05_2.00",-0.00020763183598934,0.00020763183598934,"Herbaceous fuels",3,4
"Total_PAD_RelZ0.55_1.00",-0.000103265259257752,0.000103265259257752,"Herbaceous fuels",3,4
"lad_min",-2.62894903404506e-05,2.62894903404506e-05,"Herbaceous fuels",3,4
"PC_Density_m3",0,0,"Herbaceous fuels",3,4
"imean",0.00590990696650371,0.00590990696650371,"Herbaceous fuels",3,5
"Total_PAD_FullROI",-0.00364577781618235,0.00364577781618235,"Herbaceous fuels",3,5
"Percent.Below.20th.Quantile",0.00352627863380751,0.00352627863380751,"Herbaceous fuels",3,5
"eSmallest_mean",0.00347942657155824,0.00347942657155824,"Herbaceous fuels",3,5
"Anisotropy_mean",-0.00277947975632275,0.00277947975632275,"Herbaceous fuels",3,5
"Linearity_mean",-0.00277027647182751,0.00277027647182751,"Herbaceous fuels",3,5
"PC_Strata_0.25.0.50",0.00274135704486668,0.00274135704486668,"Herbaceous fuels",3,5
"lad_min",-0.00268753734434997,0.00268753734434997,"Herbaceous fuels",3,5
"Nx_mean",0.00258642655680531,0.00258642655680531,"Herbaceous fuels",3,5
"Anisotropy_sd",0.00210689089097611,0.00210689089097611,"Herbaceous fuels",3,5
"imean",0.00639786538973143,0.00639786538973143,"Herbaceous fuels",4,1
"Percent.Below.20th.Quantile",0.00377707131574959,0.00377707131574959,"Herbaceous fuels",4,1
"eSmallest_mean",0.00317609941791052,0.00317609941791052,"Herbaceous fuels",4,1
"eLargest_sd",-0.00240252035245728,0.00240252035245728,"Herbaceous fuels",4,1
"Sphericity_mean",0.00222773779264619,0.00222773779264619,"Herbaceous fuels",4,1
"Anisotropy_mean",-0.0021427393231863,0.0021427393231863,"Herbaceous fuels",4,1
"Omnivariance_mean",0.00209992757768972,0.00209992757768972,"Herbaceous fuels",4,1
"lad_min",-0.00203436285050646,0.00203436285050646,"Herbaceous fuels",4,1
"Total_PAD_FullROI",-0.00184967879406861,0.00184967879406861,"Herbaceous fuels",4,1
"SD_PropOcc_FullROI",-0.00138100153680726,0.00138100153680726,"Herbaceous fuels",4,1
"eSmallest_mean",0.0177780754518595,0.0177780754518595,"Herbaceous fuels",4,2
"imean",0.0107124900613466,0.0107124900613466,"Herbaceous fuels",4,2
"Total_PAD_FullROI",-0.0034100614082213,0.0034100614082213,"Herbaceous fuels",4,2
"Mean_PAD_RelZ1.05_2.00",-0.00183307099789885,0.00183307099789885,"Herbaceous fuels",4,2
"Mean_PAD_RelZ0.55_1.00",-0.00126855961879872,0.00126855961879872,"Herbaceous fuels",4,2
"Skew_PropOcc_RelZ0_0.25",0.00116518058508378,0.00116518058508378,"Herbaceous fuels",4,2
"lad_min",-0.00068398942057207,0.00068398942057207,"Herbaceous fuels",4,2
"Percent.Below.20th.Quantile",9.38386655305691e-05,9.38386655305691e-05,"Herbaceous fuels",4,2
"zpcum7",6.05727108591241e-05,6.05727108591241e-05,"Herbaceous fuels",4,2
"PC_Density_m3",0,0,"Herbaceous fuels",4,2
"imean",0.0140604338147645,0.0140604338147645,"Herbaceous fuels",4,3
"eSmallest_mean",0.00875687543234198,0.00875687543234198,"Herbaceous fuels",4,3
"Total_PAD_FullROI",-0.00620018014244227,0.00620018014244227,"Herbaceous fuels",4,3
"Anisotropy_mean",-0.00471468465248149,0.00471468465248149,"Herbaceous fuels",4,3
"Percent.Below.20th.Quantile",0.00457910906073781,0.00457910906073781,"Herbaceous fuels",4,3
"PCA1_mean",0.00340827770080823,0.00340827770080823,"Herbaceous fuels",4,3
"Linearity_mean",-0.00267191522389383,0.00267191522389383,"Herbaceous fuels",4,3
"eMedium_sd",0.00155148447843733,0.00155148447843733,"Herbaceous fuels",4,3
"SD_PropOcc_FullROI",-0.00113682354102565,0.00113682354102565,"Herbaceous fuels",4,3
"area",0.000979934906992412,0.000979934906992412,"Herbaceous fuels",4,3
"imean",0.00259737926474173,0.00259737926474173,"Herbaceous fuels",4,4
"eSmallest_mean",0.00229388940139285,0.00229388940139285,"Herbaceous fuels",4,4
"iskew",-0.002129790589235,0.002129790589235,"Herbaceous fuels",4,4
"Anisotropy_mean",-0.00204915550463998,0.00204915550463998,"Herbaceous fuels",4,4
"Omnivariance_mean",0.00204752581394256,0.00204752581394256,"Herbaceous fuels",4,4
"Sphericity_mean",0.00186919769150308,0.00186919769150308,"Herbaceous fuels",4,4
"Percent.Below.20th.Quantile",0.00166103013470414,0.00166103013470414,"Herbaceous fuels",4,4
"Nx_mean",0.00143495959104653,0.00143495959104653,"Herbaceous fuels",4,4
"SD_PropOcc_RelZ1.05_2.00",-0.00121923878270962,0.00121923878270962,"Herbaceous fuels",4,4
"ChangeCurvature_mean",0.00117650951161577,0.00117650951161577,"Herbaceous fuels",4,4
"imean",0.00244149846366541,0.00244149846366541,"Herbaceous fuels",4,5
"eSmallest_mean",0.00144220957368235,0.00144220957368235,"Herbaceous fuels",4,5
"Anisotropy_mean",-0.00135981055093186,0.00135981055093186,"Herbaceous fuels",4,5
"Sphericity_mean",0.00131222074013085,0.00131222074013085,"Herbaceous fuels",4,5
"Omnivariance_mean",0.00127307275919353,0.00127307275919353,"Herbaceous fuels",4,5
"iskew",-0.00124930181491279,0.00124930181491279,"Herbaceous fuels",4,5
"Percent.Below.20th.Quantile",0.00122639390855324,0.00122639390855324,"Herbaceous fuels",4,5
"lad_min",-0.00119962462585598,0.00119962462585598,"Herbaceous fuels",4,5
"Nx_mean",0.00115452612362461,0.00115452612362461,"Herbaceous fuels",4,5
"ChangeCurvature_mean",0.00112977577901327,0.00112977577901327,"Herbaceous fuels",4,5
"eSmallest_mean",0.0129989879775229,0.0129989879775229,"Herbaceous fuels",5,1
"imean",0.0124638080641553,0.0124638080641553,"Herbaceous fuels",5,1
"Total_PAD_FullROI",-0.00459882983609144,0.00459882983609144,"Herbaceous fuels",5,1
"Percent.Below.20th.Quantile",0.00386141183170171,0.00386141183170171,"Herbaceous fuels",5,1
"iskew",-0.00292205071038241,0.00292205071038241,"Herbaceous fuels",5,1
"SD_PropOcc_RelZ1.05_2.00",-0.00230708213660721,0.00230708213660721,"Herbaceous fuels",5,1
"lad_min",-0.00106618515797551,0.00106618515797551,"Herbaceous fuels",5,1
"PCA1_mean",0.000995413913938548,0.000995413913938548,"Herbaceous fuels",5,1
"Anisotropy_mean",-0.000824642676583372,0.000824642676583372,"Herbaceous fuels",5,1
"PC_Density_m3",0,0,"Herbaceous fuels",5,1
"eSmallest_mean",0.0152891166385884,0.0152891166385884,"Herbaceous fuels",5,2
"imean",0.00708842001916902,0.00708842001916902,"Herbaceous fuels",5,2
"Percent.Below.20th.Quantile",0.00517136183243245,0.00517136183243245,"Herbaceous fuels",5,2
"Total_PAD_FullROI",-0.00395088590169852,0.00395088590169852,"Herbaceous fuels",5,2
"SD_PropOcc_RelZ1.05_2.00",-0.00227457502578581,0.00227457502578581,"Herbaceous fuels",5,2
"Skew_PropOcc_RelZ0_0.25",0.00215486155198487,0.00215486155198487,"Herbaceous fuels",5,2
"lad_min",-0.00172485778305032,0.00172485778305032,"Herbaceous fuels",5,2
"Percent_EmptySpace_RelZ1.05_2.00",0.000954647402469213,0.000954647402469213,"Herbaceous fuels",5,2
"Linearity_mean",-0.000677685009709186,0.000677685009709186,"Herbaceous fuels",5,2
"Mean_PAD_RelZ1.05_2.00",-0.000646313891908606,0.000646313891908606,"Herbaceous fuels",5,2
"eSmallest_mean",0.0137750329197894,0.0137750329197894,"Herbaceous fuels",5,3
"imean",0.00998182580234016,0.00998182580234016,"Herbaceous fuels",5,3
"Percent_EmptySpace_RelZ1.05_2.00",0.00153802271369589,0.00153802271369589,"Herbaceous fuels",5,3
"Total_PAD_RelZ0.55_1.00",-0.00100224410228576,0.00100224410228576,"Herbaceous fuels",5,3
"SD_PropOcc_RelZ1.05_2.00",-0.000641092635224174,0.000641092635224174,"Herbaceous fuels",5,3
"Total_PAD_FullROI",-0.000261612883082648,0.000261612883082648,"Herbaceous fuels",5,3
"Mean_PAD_RelZ1.05_2.00",-5.83651997934621e-05,5.83651997934621e-05,"Herbaceous fuels",5,3
"PC_Density_m3",0,0,"Herbaceous fuels",5,3
"cHull_vol",0,0,"Herbaceous fuels",5,3
"Alpha_Vol_m3",0,0,"Herbaceous fuels",5,3
"imean",0.0131479683575433,0.0131479683575433,"Herbaceous fuels",5,4
"eSmallest_mean",0.0125033116518154,0.0125033116518154,"Herbaceous fuels",5,4
"Total_PAD_FullROI",-0.00423673035359184,0.00423673035359184,"Herbaceous fuels",5,4
"Percent.Below.20th.Quantile",0.00201907994960826,0.00201907994960826,"Herbaceous fuels",5,4
"PC_Strata_0.50.1.00",-0.00147925517734402,0.00147925517734402,"Herbaceous fuels",5,4
"Total_PAD_RelZ0.55_1.00",-0.00115107546057772,0.00115107546057772,"Herbaceous fuels",5,4
"PCA2_mean",0.000139129543413932,0.000139129543413932,"Herbaceous fuels",5,4
"PC_Density_m3",0,0,"Herbaceous fuels",5,4
"cHull_vol",0,0,"Herbaceous fuels",5,4
"Alpha_Vol_m3",0,0,"Herbaceous fuels",5,4
"imean",0.00521103398556023,0.00521103398556023,"Herbaceous fuels",5,5
"eSmallest_mean",0.00370884993815492,0.00370884993815492,"Herbaceous fuels",5,5
"PC_Strata_0.25.0.50",0.0031600413107133,0.0031600413107133,"Herbaceous fuels",5,5
"Total_PAD_FullROI",-0.00314601324609423,0.00314601324609423,"Herbaceous fuels",5,5
"Percent.Below.20th.Quantile",0.00311754957173216,0.00311754957173216,"Herbaceous fuels",5,5
"Anisotropy_mean",-0.00297553867243538,0.00297553867243538,"Herbaceous fuels",5,5
"lad_min",-0.00286203873575782,0.00286203873575782,"Herbaceous fuels",5,5
"Linearity_mean",-0.00254412729671263,0.00254412729671263,"Herbaceous fuels",5,5
"Omnivariance_mean",0.00219708293932097,0.00219708293932097,"Herbaceous fuels",5,5
"Sphericity_mean",0.00219397665000064,0.00219397665000064,"Herbaceous fuels",5,5
"imean",0.00564464002425402,0.00564464002425402,"Herbaceous fuels",6,1
"eSmallest_mean",0.00363930389502959,0.00363930389502959,"Herbaceous fuels",6,1
"Anisotropy_mean",-0.00296258010742299,0.00296258010742299,"Herbaceous fuels",6,1
"Omnivariance_mean",0.00273963732231869,0.00273963732231869,"Herbaceous fuels",6,1
"Sphericity_mean",0.00268913442523728,0.00268913442523728,"Herbaceous fuels",6,1
"Percent.Below.20th.Quantile",0.00267714798966546,0.00267714798966546,"Herbaceous fuels",6,1
"Total_PAD_FullROI",-0.0026227443497727,0.0026227443497727,"Herbaceous fuels",6,1
"lad_min",-0.00256373258890216,0.00256373258890216,"Herbaceous fuels",6,1
"SD_PropOcc_RelZ1.05_2.00",-0.00180063104494864,0.00180063104494864,"Herbaceous fuels",6,1
"ChangeCurvature_mean",0.00154945209529302,0.00154945209529302,"Herbaceous fuels",6,1
"imean",0.00781796115956616,0.00781796115956616,"Herbaceous fuels",6,2
"Total_PAD_FullROI",-0.00625079925270544,0.00625079925270544,"Herbaceous fuels",6,2
"PCA1_mean",0.00593175242099472,0.00593175242099472,"Herbaceous fuels",6,2
"Nx_mean",0.00505090499146618,0.00505090499146618,"Herbaceous fuels",6,2
"eSmallest_mean",0.00469126595043599,0.00469126595043599,"Herbaceous fuels",6,2
"PC_Strata_0.25.0.50",0.00427016670681007,0.00427016670681007,"Herbaceous fuels",6,2
"MomentOrder1_mean",-0.00409873308620136,0.00409873308620136,"Herbaceous fuels",6,2
"Percent.Below.20th.Quantile",0.00310952067481812,0.00310952067481812,"Herbaceous fuels",6,2
"Anisotropy_mean",-0.00292754828814165,0.00292754828814165,"Herbaceous fuels",6,2
"Linearity_mean",-0.00289932979588689,0.00289932979588689,"Herbaceous fuels",6,2
"eSmallest_mean",0.0102092121869702,0.0102092121869702,"Herbaceous fuels",6,3
"imean",0.00939393354057018,0.00939393354057018,"Herbaceous fuels",6,3
"iskew",-0.00220191159877368,0.00220191159877368,"Herbaceous fuels",6,3
"Percent.Below.20th.Quantile",0.0012778520152103,0.0012778520152103,"Herbaceous fuels",6,3
"SD_PropOcc_RelZ1.05_2.00",-0.00113711528141909,0.00113711528141909,"Herbaceous fuels",6,3
"Percent_EmptySpace_RelZ1.05_2.00",0.000418739554336908,0.000418739554336908,"Herbaceous fuels",6,3
"PC_Density_m3",0,0,"Herbaceous fuels",6,3
"cHull_vol",0,0,"Herbaceous fuels",6,3
"Alpha_Vol_m3",0,0,"Herbaceous fuels",6,3
"horizontalRumpel",0,0,"Herbaceous fuels",6,3
"imean",0.00983144700167164,0.00983144700167164,"Herbaceous fuels",6,4
"eSmallest_mean",0.00811703051541852,0.00811703051541852,"Herbaceous fuels",6,4
"Anisotropy_mean",-0.00511798657378917,0.00511798657378917,"Herbaceous fuels",6,4
"lad_min",-0.00387673313794675,0.00387673313794675,"Herbaceous fuels",6,4
"MomentOrder1_mean",-0.00361482651650253,0.00361482651650253,"Herbaceous fuels",6,4
"Total_PAD_FullROI",-0.00359039657335163,0.00359039657335163,"Herbaceous fuels",6,4
"Percent.Below.20th.Quantile",0.00337990413672061,0.00337990413672061,"Herbaceous fuels",6,4
"Sphericity_mean",0.00264228915136448,0.00264228915136448,"Herbaceous fuels",6,4
"Percent_EmptySpace_RelZ1.05_2.00",0.00236792032276638,0.00236792032276638,"Herbaceous fuels",6,4
"Mean_PAD_RelZ1.05_2.00",-0.00191988426290326,0.00191988426290326,"Herbaceous fuels",6,4
"eSmallest_mean",0.0137883586464493,0.0137883586464493,"Herbaceous fuels",6,5
"imean",0.0133918239844316,0.0133918239844316,"Herbaceous fuels",6,5
"Percent.Below.20th.Quantile",0.00587656002226862,0.00587656002226862,"Herbaceous fuels",6,5
"Total_PAD_FullROI",-0.00291909569482836,0.00291909569482836,"Herbaceous fuels",6,5
"SD_PropOcc_FullROI",-0.00271086647832065,0.00271086647832065,"Herbaceous fuels",6,5
"Total_PAD_RelZ0.55_1.00",-0.0016231214034402,0.0016231214034402,"Herbaceous fuels",6,5
"Mean_PAD_RelZ0.55_1.00",-0.000883885334480359,0.000883885334480359,"Herbaceous fuels",6,5
"Percent.Below.90th.Quantile",-0.000156275699635707,0.000156275699635707,"Herbaceous fuels",6,5
"PC_Density_m3",0,0,"Herbaceous fuels",6,5
"cHull_vol",0,0,"Herbaceous fuels",6,5
"eSmallest_mean",0.011331728731108,0.011331728731108,"Herbaceous fuels",7,1
"imean",0.00551572747391664,0.00551572747391664,"Herbaceous fuels",7,1
"Percent.Below.20th.Quantile",0.000259789503638633,0.000259789503638633,"Herbaceous fuels",7,1
"PC_Density_m3",0,0,"Herbaceous fuels",7,1
"cHull_vol",0,0,"Herbaceous fuels",7,1
"Alpha_Vol_m3",0,0,"Herbaceous fuels",7,1
"horizontalRumpel",0,0,"Herbaceous fuels",7,1
"mean_vox_ht",0,0,"Herbaceous fuels",7,1
"sd_vox_ht",0,0,"Herbaceous fuels",7,1
"zmax",0,0,"Herbaceous fuels",7,1
"imean",0.0113782026437235,0.0113782026437235,"Herbaceous fuels",7,2
"MomentOrder1_mean",-0.0111998922037815,0.0111998922037815,"Herbaceous fuels",7,2
"Planarity_sd",-0.00749062608834403,0.00749062608834403,"Herbaceous fuels",7,2
"PC_Strata_0.25.0.50",0.00731746237924689,0.00731746237924689,"Herbaceous fuels",7,2
"Percent.Below.20th.Quantile",0.00726706699795477,0.00726706699795477,"Herbaceous fuels",7,2
"NormalChangeRate_sd",-0.00720864058764463,0.00720864058764463,"Herbaceous fuels",7,2
"Verticality_mean",0.00651395370026473,0.00651395370026473,"Herbaceous fuels",7,2
"Mean_PAD_RelZ1.05_2.00",-0.00620366953650376,0.00620366953650376,"Herbaceous fuels",7,2
"Ny_mean",-0.00602600831696725,0.00602600831696725,"Herbaceous fuels",7,2
"Euphotic",0.00601219174665775,0.00601219174665775,"Herbaceous fuels",7,2
"imean",0.00754009045252303,0.00754009045252303,"Herbaceous fuels",7,3
"Percent.Below.20th.Quantile",0.00621941664008284,0.00621941664008284,"Herbaceous fuels",7,3
"eSmallest_mean",0.00424787751775356,0.00424787751775356,"Herbaceous fuels",7,3
"Anisotropy_mean",-0.00319510987102881,0.00319510987102881,"Herbaceous fuels",7,3
"lad_min",-0.00272683554876317,0.00272683554876317,"Herbaceous fuels",7,3
"Omnivariance_mean",0.0025749721051252,0.0025749721051252,"Herbaceous fuels",7,3
"Skew_PropOcc_RelZ0_0.25",0.00230632929769553,0.00230632929769553,"Herbaceous fuels",7,3
"Sphericity_mean",0.00229716535640897,0.00229716535640897,"Herbaceous fuels",7,3
"Total_PAD_FullROI",-0.00197074347831248,0.00197074347831248,"Herbaceous fuels",7,3
"Linearity_mean",-0.00190953388848056,0.00190953388848056,"Herbaceous fuels",7,3
"imean",0.00671628278449475,0.00671628278449475,"Herbaceous fuels",7,4
"eSmallest_mean",0.0037116392239074,0.0037116392239074,"Herbaceous fuels",7,4
"Anisotropy_mean",-0.00298480689349161,0.00298480689349161,"Herbaceous fuels",7,4
"Omnivariance_mean",0.00273729517344534,0.00273729517344534,"Herbaceous fuels",7,4
"Sphericity_mean",0.00263433137246757,0.00263433137246757,"Herbaceous fuels",7,4
"iskew",-0.0025430455579988,0.0025430455579988,"Herbaceous fuels",7,4
"PC_Strata_0.25.0.50",0.0025358298527541,0.0025358298527541,"Herbaceous fuels",7,4
"lad_min",-0.00218980890103065,0.00218980890103065,"Herbaceous fuels",7,4
"Total_PAD_FullROI",-0.00206014440062113,0.00206014440062113,"Herbaceous fuels",7,4
"Linearity_mean",-0.00185994495545771,0.00185994495545771,"Herbaceous fuels",7,4
"imean",0.00765430526934367,0.00765430526934367,"Herbaceous fuels",7,5
"eSmallest_mean",0.00381008413810043,0.00381008413810043,"Herbaceous fuels",7,5
"Anisotropy_mean",-0.00346841430920784,0.00346841430920784,"Herbaceous fuels",7,5
"PCA1_mean",0.00300425920180909,0.00300425920180909,"Herbaceous fuels",7,5
"Percent.Below.20th.Quantile",0.0029034402845277,0.0029034402845277,"Herbaceous fuels",7,5
"Omnivariance_mean",0.00274589048072726,0.00274589048072726,"Herbaceous fuels",7,5
"Percent_EmptySpace_RelZ1.05_2.00",0.00261681767174236,0.00261681767174236,"Herbaceous fuels",7,5
"lad_min",-0.0025878677932696,0.0025878677932696,"Herbaceous fuels",7,5
"Sphericity_mean",0.00240825647325976,0.00240825647325976,"Herbaceous fuels",7,5
"area",0.00203468274615278,0.00203468274615278,"Herbaceous fuels",7,5
"eSmallest_mean",0.0166776046579538,0.0166776046579538,"Herbaceous fuels",8,1
"imean",0.0133680457449872,0.0133680457449872,"Herbaceous fuels",8,1
"Total_PAD_FullROI",-0.00711144947061014,0.00711144947061014,"Herbaceous fuels",8,1
"lad_min",-0.00427419994097584,0.00427419994097584,"Herbaceous fuels",8,1
"Percent.Below.20th.Quantile",0.00314187188994071,0.00314187188994071,"Herbaceous fuels",8,1
"Nx_mean",0.00272194626057018,0.00272194626057018,"Herbaceous fuels",8,1
"PC_Strata_0.50.1.00",-0.00202557942921826,0.00202557942921826,"Herbaceous fuels",8,1
"SD_PropOcc_FullROI",-0.00187898331264192,0.00187898331264192,"Herbaceous fuels",8,1
"zq90",-0.00145212545172825,0.00145212545172825,"Herbaceous fuels",8,1
"Mean_PropOcc_RelZ0_0.25",-0.00127929081543596,0.00127929081543596,"Herbaceous fuels",8,1
"imean",0.00542738792923279,0.00542738792923279,"Herbaceous fuels",8,2
"eSmallest_mean",0.00353415079041288,0.00353415079041288,"Herbaceous fuels",8,2
"PCA1_mean",0.00348934968283619,0.00348934968283619,"Herbaceous fuels",8,2
"Anisotropy_mean",-0.00285852545760721,0.00285852545760721,"Herbaceous fuels",8,2
"PC_Strata_0.25.0.50",0.00274070061991794,0.00274070061991794,"Herbaceous fuels",8,2
"Total_PAD_FullROI",-0.00255947197772897,0.00255947197772897,"Herbaceous fuels",8,2
"Percent.Below.20th.Quantile",0.0023881842044795,0.0023881842044795,"Herbaceous fuels",8,2
"Linearity_mean",-0.00228916517722302,0.00228916517722302,"Herbaceous fuels",8,2
"Sphericity_mean",0.00219794559207054,0.00219794559207054,"Herbaceous fuels",8,2
"Omnivariance_mean",0.00205844912048634,0.00205844912048634,"Herbaceous fuels",8,2
"eSmallest_mean",0.0184904637884991,0.0184904637884991,"Herbaceous fuels",8,3
"imean",0.010786638614342,0.010786638614342,"Herbaceous fuels",8,3
"Total_PAD_FullROI",-0.00653660440902181,0.00653660440902181,"Herbaceous fuels",8,3
"Percent_EmptySpace_RelZ1.05_2.00",0.00377241189234402,0.00377241189234402,"Herbaceous fuels",8,3
"lad_min",-0.00231628418871164,0.00231628418871164,"Herbaceous fuels",8,3
"Total_PAD_RelZ0.55_1.00",-0.000777589220754526,0.000777589220754526,"Herbaceous fuels",8,3
"PC_Density_m3",0,0,"Herbaceous fuels",8,3
"cHull_vol",0,0,"Herbaceous fuels",8,3
"Alpha_Vol_m3",0,0,"Herbaceous fuels",8,3
"horizontalRumpel",0,0,"Herbaceous fuels",8,3
"imean",0.00589777104337951,0.00589777104337951,"Herbaceous fuels",8,4
"Percent.Below.20th.Quantile",0.00395891783313858,0.00395891783313858,"Herbaceous fuels",8,4
"eSmallest_mean",0.00259132329221161,0.00259132329221161,"Herbaceous fuels",8,4
"Anisotropy_mean",-0.00240649698083651,0.00240649698083651,"Herbaceous fuels",8,4
"Omnivariance_mean",0.00197717529148138,0.00197717529148138,"Herbaceous fuels",8,4
"Sphericity_mean",0.00197170582515456,0.00197170582515456,"Herbaceous fuels",8,4
"iskew",-0.00170523252708529,0.00170523252708529,"Herbaceous fuels",8,4
"Mean_PropOcc_RelZ0_0.25",-0.00167548141693992,0.00167548141693992,"Herbaceous fuels",8,4
"X.Occlusion_RelZ0_0.25",-0.00166412519019533,0.00166412519019533,"Herbaceous fuels",8,4
"SD_PropOcc_RelZ1.05_2.00",-0.00159746737246307,0.00159746737246307,"Herbaceous fuels",8,4
"imean",0.00278032102672347,0.00278032102672347,"Herbaceous fuels",8,5
"lad_min",-0.00175698411058043,0.00175698411058043,"Herbaceous fuels",8,5
"eSmallest_mean",0.00153569386801457,0.00153569386801457,"Herbaceous fuels",8,5
"Anisotropy_mean",-0.00145258952638567,0.00145258952638567,"Herbaceous fuels",8,5
"Sphericity_mean",0.00137452178178424,0.00137452178178424,"Herbaceous fuels",8,5
"Omnivariance_mean",0.00135113055612998,0.00135113055612998,"Herbaceous fuels",8,5
"Skew_PropOcc_RelZ0_0.25",0.0011799511386705,0.0011799511386705,"Herbaceous fuels",8,5
"iskew",-0.00117629810870777,0.00117629810870777,"Herbaceous fuels",8,5
"Curvature_mean",0.00117450271070654,0.00117450271070654,"Herbaceous fuels",8,5
"ChangeCurvature_mean",0.0011703969499925,0.0011703969499925,"Herbaceous fuels",8,5
"imean",0.00811843581301436,0.00811843581301436,"Herbaceous fuels",9,1
"PCA1_mean",0.00660795497888402,0.00660795497888402,"Herbaceous fuels",9,1
"eSmallest_mean",0.00493015339632095,0.00493015339632095,"Herbaceous fuels",9,1
"Total_PAD_FullROI",-0.00480224230180417,0.00480224230180417,"Herbaceous fuels",9,1
"lad_min",-0.00405646049277471,0.00405646049277471,"Herbaceous fuels",9,1
"SD_PropOcc_FullROI",-0.0031503563422778,0.0031503563422778,"Herbaceous fuels",9,1
"Anisotropy_mean",-0.00304982959645437,0.00304982959645437,"Herbaceous fuels",9,1
"iskew",-0.00291357798491003,0.00291357798491003,"Herbaceous fuels",9,1
"PC_Strata_0.25.0.50",0.00291141434728774,0.00291141434728774,"Herbaceous fuels",9,1
"Sphericity_mean",0.00271292772918996,0.00271292772918996,"Herbaceous fuels",9,1
"imean",0.00808235626632505,0.00808235626632505,"Herbaceous fuels",9,2
"eSmallest_mean",0.00629982654648223,0.00629982654648223,"Herbaceous fuels",9,2
"Anisotropy_mean",-0.00258573078536913,0.00258573078536913,"Herbaceous fuels",9,2
"Percent.Below.20th.Quantile",0.00247114704819187,0.00247114704819187,"Herbaceous fuels",9,2
"SD_PropOcc_RelZ1.05_2.00",-0.00180937914454523,0.00180937914454523,"Herbaceous fuels",9,2
"Sphericity_mean",0.00176740419302641,0.00176740419302641,"Herbaceous fuels",9,2
"iskew",-0.00176101860208883,0.00176101860208883,"Herbaceous fuels",9,2
"Omnivariance_mean",0.00127602459020541,0.00127602459020541,"Herbaceous fuels",9,2
"Percent_EmptySpace_RelZ1.05_2.00",0.00123315012217233,0.00123315012217233,"Herbaceous fuels",9,2
"eSmallest_sd",0.000920422549943487,0.000920422549943487,"Herbaceous fuels",9,2
"imean",0.00735574456617216,0.00735574456617216,"Herbaceous fuels",9,3
"eSmallest_mean",0.00286708697337174,0.00286708697337174,"Herbaceous fuels",9,3
"Omnivariance_mean",0.00270378504165657,0.00270378504165657,"Herbaceous fuels",9,3
"Anisotropy_mean",-0.00245675350630109,0.00245675350630109,"Herbaceous fuels",9,3
"Percent.Below.20th.Quantile",0.0024420962030467,0.0024420962030467,"Herbaceous fuels",9,3
"Sphericity_mean",0.00201599083817529,0.00201599083817529,"Herbaceous fuels",9,3
"lad_min",-0.00190725205013195,0.00190725205013195,"Herbaceous fuels",9,3
"PC_Strata_0.25.0.50",0.00189572151536943,0.00189572151536943,"Herbaceous fuels",9,3
"Total_PAD_FullROI",-0.00152652324298501,0.00152652324298501,"Herbaceous fuels",9,3
"SD_PropOcc_RelZ1.05_2.00",-0.00147066213960357,0.00147066213960357,"Herbaceous fuels",9,3
"eSmallest_mean",0.0126664570751205,0.0126664570751205,"Herbaceous fuels",9,4
"imean",0.0116292131811535,0.0116292131811535,"Herbaceous fuels",9,4
"Percent.Below.20th.Quantile",0.00586615437687791,0.00586615437687791,"Herbaceous fuels",9,4
"Total_PAD_FullROI",-0.00576073561744216,0.00576073561744216,"Herbaceous fuels",9,4
"Skew_PropOcc_RelZ0_0.25",0.00123874222189906,0.00123874222189906,"Herbaceous fuels",9,4
"Total_PAD_RelZ0.55_1.00",-0.000197457386229871,0.000197457386229871,"Herbaceous fuels",9,4
"Linearity_mean",-0.000155632363581272,0.000155632363581272,"Herbaceous fuels",9,4
"Mean_PAD_RelZ0.55_1.00",-2.33747629953247e-05,2.33747629953247e-05,"Herbaceous fuels",9,4
"PC_Density_m3",0,0,"Herbaceous fuels",9,4
"cHull_vol",0,0,"Herbaceous fuels",9,4
"eSmallest_mean",0.0145706521325557,0.0145706521325557,"Herbaceous fuels",9,5
"imean",0.00833005328082489,0.00833005328082489,"Herbaceous fuels",9,5
"Mean_PAD_RelZ0.55_1.00",-0.0036657913678774,0.0036657913678774,"Herbaceous fuels",9,5
"Percent.Below.20th.Quantile",0.00225530346079074,0.00225530346079074,"Herbaceous fuels",9,5
"SD_PropOcc_RelZ1.05_2.00",-0.00149887013799966,0.00149887013799966,"Herbaceous fuels",9,5
"Total_PAD_FullROI",-0.00113232415614041,0.00113232415614041,"Herbaceous fuels",9,5
"PC_Density_m3",0,0,"Herbaceous fuels",9,5
"cHull_vol",0,0,"Herbaceous fuels",9,5
"Alpha_Vol_m3",0,0,"Herbaceous fuels",9,5
"horizontalRumpel",0,0,"Herbaceous fuels",9,5
"imean",0.00214458169747362,0.00214458169747362,"Herbaceous fuels",10,1
"eSmallest_mean",0.0013515568526082,0.0013515568526082,"Herbaceous fuels",10,1
"Omnivariance_mean",0.00128830021806786,0.00128830021806786,"Herbaceous fuels",10,1
"Anisotropy_mean",-0.00125609239827913,0.00125609239827913,"Herbaceous fuels",10,1
"Sphericity_mean",0.00123848039320022,0.00123848039320022,"Herbaceous fuels",10,1
"ChangeCurvature_mean",0.00110388068946593,0.00110388068946593,"Herbaceous fuels",10,1
"Curvature_mean",0.00109963895980049,0.00109963895980049,"Herbaceous fuels",10,1
"SD_PropOcc_FullROI",-0.00101669619804328,0.00101669619804328,"Herbaceous fuels",10,1
"Percent.Below.20th.Quantile",0.000980984268829854,0.000980984268829854,"Herbaceous fuels",10,1
"Eigentropy_mean",0.000970713338292653,0.000970713338292653,"Herbaceous fuels",10,1
"eSmallest_mean",0.015002502228336,0.015002502228336,"Herbaceous fuels",10,2
"imean",0.0119612019860276,0.0119612019860276,"Herbaceous fuels",10,2
"Total_PAD_FullROI",-0.00864988959866188,0.00864988959866188,"Herbaceous fuels",10,2
"Mean_PropOcc_RelZ0_0.25",-0.00467494638772168,0.00467494638772168,"Herbaceous fuels",10,2
"Percent.Below.20th.Quantile",0.00366817182699138,0.00366817182699138,"Herbaceous fuels",10,2
"lad_min",-0.00165919592912828,0.00165919592912828,"Herbaceous fuels",10,2
"SD_PropOcc_RelZ0.30_0.50",-0.00120482483252249,0.00120482483252249,"Herbaceous fuels",10,2
"SD_PropOcc_FullROI",-0.000912835127765124,0.000912835127765124,"Herbaceous fuels",10,2
"Percent.Below.40th.Quantile",-0.000583981907783527,0.000583981907783527,"Herbaceous fuels",10,2
"Nx_mean",0.00035550947199589,0.00035550947199589,"Herbaceous fuels",10,2
"eSmallest_mean",0.0109663533110832,0.0109663533110832,"Herbaceous fuels",10,3
"imean",0.00733364684285821,0.00733364684285821,"Herbaceous fuels",10,3
"Percent.Below.20th.Quantile",0.00323700915527478,0.00323700915527478,"Herbaceous fuels",10,3
"Total_PAD_FullROI",-0.00297463521550058,0.00297463521550058,"Herbaceous fuels",10,3
"SD_PropOcc_RelZ1.05_2.00",-0.00185599390852982,0.00185599390852982,"Herbaceous fuels",10,3
"PC_Density_m3",0,0,"Herbaceous fuels",10,3
"cHull_vol",0,0,"Herbaceous fuels",10,3
"Alpha_Vol_m3",0,0,"Herbaceous fuels",10,3
"horizontalRumpel",0,0,"Herbaceous fuels",10,3
"mean_vox_ht",0,0,"Herbaceous fuels",10,3
"imean",0.00152498040640583,0.00152498040640583,"Herbaceous fuels",10,4
"eSmallest_mean",0.00133283223639807,0.00133283223639807,"Herbaceous fuels",10,4
"Anisotropy_mean",-0.00126976831890507,0.00126976831890507,"Herbaceous fuels",10,4
"Sphericity_mean",0.0012000189424424,0.0012000189424424,"Herbaceous fuels",10,4
"Omnivariance_mean",0.00119155792796705,0.00119155792796705,"Herbaceous fuels",10,4
"NormalChangeRate_sd",-0.00116804552377415,0.00116804552377415,"Herbaceous fuels",10,4
"Planarity_sd",-0.00116439843364356,0.00116439843364356,"Herbaceous fuels",10,4
"Nx_mean",0.00114831657631055,0.00114831657631055,"Herbaceous fuels",10,4
"Linearity_mean",-0.00114669650232623,0.00114669650232623,"Herbaceous fuels",10,4
"lad_min",-0.0011289284150559,0.0011289284150559,"Herbaceous fuels",10,4
"eSmallest_mean",0.0177255966698359,0.0177255966698359,"Herbaceous fuels",10,5
"imean",0.012732594440554,0.012732594440554,"Herbaceous fuels",10,5
"Total_PAD_FullROI",-0.0077292929260456,0.0077292929260456,"Herbaceous fuels",10,5
"SD_PropOcc_RelZ1.05_2.00",-0.00463173634977115,0.00463173634977115,"Herbaceous fuels",10,5
"lad_min",-0.0040339555626577,0.0040339555626577,"Herbaceous fuels",10,5
"PC_Strata_0.25.0.50",0.00310326626419724,0.00310326626419724,"Herbaceous fuels",10,5
"Percent.Below.20th.Quantile",0.00303856985199548,0.00303856985199548,"Herbaceous fuels",10,5
"Skew_PropOcc_RelZ0_0.25",0.00220905880314744,0.00220905880314744,"Herbaceous fuels",10,5
"eLargest_sd",-0.00136278254797502,0.00136278254797502,"Herbaceous fuels",10,5
"PCA1_mean",0.00115815476007509,0.00115815476007509,"Herbaceous fuels",10,5
"Total_PAD_RelZ0.55_1.00",0.00965129946257482,0.00965129946257482,"Live woody fuels",1,1
"Mean_PAD_RelZ0.55_1.00",0.00933381250724537,0.00933381250724537,"Live woody fuels",1,1
"zq75",0.00842303168507978,0.00842303168507978,"Live woody fuels",1,1
"zq70",0.00821694434093421,0.00821694434093421,"Live woody fuels",1,1
"Percent.Below.90th.Quantile",0.00814529534359301,0.00814529534359301,"Live woody fuels",1,1
"horizontalRumpel",0.00799149956725288,0.00799149956725288,"Live woody fuels",1,1
"zq55",0.00791654051540016,0.00791654051540016,"Live woody fuels",1,1
"zq65",0.00791164913347419,0.00791164913347419,"Live woody fuels",1,1
"PC_Strata_1.00.2.00",0.00786306917555008,0.00786306917555008,"Live woody fuels",1,1
"zq45",0.00785190849963589,0.00785190849963589,"Live woody fuels",1,1
"zq45",0.00666816028321936,0.00666816028321936,"Live woody fuels",1,2
"zq50",0.0066555106925213,0.0066555106925213,"Live woody fuels",1,2
"zq55",0.00644940079338774,0.00644940079338774,"Live woody fuels",1,2
"Total_PAD_RelZ0.55_1.00",0.00561197176360655,0.00561197176360655,"Live woody fuels",1,2
"zq60",0.00556876874250265,0.00556876874250265,"Live woody fuels",1,2
"Total_PAD_RelZ1.05_2.00",0.00555237983480198,0.00555237983480198,"Live woody fuels",1,2
"Mean_PAD_RelZ1.05_2.00",0.00546195446328511,0.00546195446328511,"Live woody fuels",1,2
"zq65",0.00526926964782524,0.00526926964782524,"Live woody fuels",1,2
"zq75",0.00521206990865421,0.00521206990865421,"Live woody fuels",1,2
"Mean_PAD_RelZ0.55_1.00",0.00515819833723467,0.00515819833723467,"Live woody fuels",1,2
"Total_PAD_RelZ0.55_1.00",0.0255571765822261,0.0255571765822261,"Live woody fuels",1,3
"Mean_PAD_RelZ0.55_1.00",0.0245340791699906,0.0245340791699906,"Live woody fuels",1,3
"Total_PAD_RelZ1.05_2.00",0.0216090022157144,0.0216090022157144,"Live woody fuels",1,3
"PC_Strata_1.00.2.00",0.0199890719125193,0.0199890719125193,"Live woody fuels",1,3
"Percent.Below.90th.Quantile",0.0198892468397412,0.0198892468397412,"Live woody fuels",1,3
"n",0.0191123793499247,0.0191123793499247,"Live woody fuels",1,3
"Total_PAD_FullROI",0.0188685734856001,0.0188685734856001,"Live woody fuels",1,3
"horizontalRumpel",0.0184947270558103,0.0184947270558103,"Live woody fuels",1,3
"zq75",0.0183709625425103,0.0183709625425103,"Live woody fuels",1,3
"Mean_PAD_RelZ1.05_2.00",0.0175983594156058,0.0175983594156058,"Live woody fuels",1,3
"Total_PAD_RelZ0.55_1.00",0.00813126590160768,0.00813126590160768,"Live woody fuels",1,4
"Mean_PAD_RelZ0.55_1.00",0.00787054102899452,0.00787054102899452,"Live woody fuels",1,4
"zq75",0.00741170147361768,0.00741170147361768,"Live woody fuels",1,4
"zq70",0.0072096190097966,0.0072096190097966,"Live woody fuels",1,4
"Percent.Below.90th.Quantile",0.00720425469692915,0.00720425469692915,"Live woody fuels",1,4
"zq55",0.00705665119417198,0.00705665119417198,"Live woody fuels",1,4
"zq45",0.00705268234343053,0.00705268234343053,"Live woody fuels",1,4
"zq50",0.00701965448543935,0.00701965448543935,"Live woody fuels",1,4
"zq65",0.00701663944166293,0.00701663944166293,"Live woody fuels",1,4
"horizontalRumpel",0.00698937594866777,0.00698937594866777,"Live woody fuels",1,4
"Mean_PAD_RelZ0.30_0.50",0.0372243324680658,0.0372243324680658,"Live woody fuels",1,5
"horizontalRumpel",0.0327982040753403,0.0327982040753403,"Live woody fuels",1,5
"Percent.Below.80th.Quantile",0.0325614027628477,0.0325614027628477,"Live woody fuels",1,5
"ipcumzq70",0.0319448204249437,0.0319448204249437,"Live woody fuels",1,5
"Total_PAD_RelZ0.30_0.50",0.0282999705584169,0.0282999705584169,"Live woody fuels",1,5
"zq70",0.0259239231495216,0.0259239231495216,"Live woody fuels",1,5
"Percent.Below.90th.Quantile",0.0253025819205375,0.0253025819205375,"Live woody fuels",1,5
"zq75",0.0243283342126449,0.0243283342126449,"Live woody fuels",1,5
"n",0.0242013228039155,0.0242013228039155,"Live woody fuels",1,5
"Mean_PAD_RelZ0.55_1.00",0.023216378303252,0.023216378303252,"Live woody fuels",1,5
"Total_PAD_RelZ0.55_1.00",0.0068095879335144,0.0068095879335144,"Live woody fuels",2,1
"Mean_PAD_RelZ0.55_1.00",0.00662143881430008,0.00662143881430008,"Live woody fuels",2,1
"zq75",0.00608338912817801,0.00608338912817801,"Live woody fuels",2,1
"zq70",0.00594680887696498,0.00594680887696498,"Live woody fuels",2,1
"horizontalRumpel",0.00584706373909736,0.00584706373909736,"Live woody fuels",2,1
"zq55",0.0058143873278717,0.0058143873278717,"Live woody fuels",2,1
"zq65",0.00581375740872869,0.00581375740872869,"Live woody fuels",2,1
"Percent.Below.90th.Quantile",0.00576515733135788,0.00576515733135788,"Live woody fuels",2,1
"zq50",0.0057557287689865,0.0057557287689865,"Live woody fuels",2,1
"zq45",0.00573575668573433,0.00573575668573433,"Live woody fuels",2,1
"Percent.Below.90th.Quantile",0.0168722848975858,0.0168722848975858,"Live woody fuels",2,2
"PC_Strata_1.00.2.00",0.0163831331670839,0.0163831331670839,"Live woody fuels",2,2
"zq75",0.0153568247771426,0.0153568247771426,"Live woody fuels",2,2
"zq45",0.0151958324114625,0.0151958324114625,"Live woody fuels",2,2
"Total_PAD_RelZ0.55_1.00",0.015099284096302,0.015099284096302,"Live woody fuels",2,2
"zq70",0.0150792004646584,0.0150792004646584,"Live woody fuels",2,2
"zq50",0.0148668284490027,0.0148668284490027,"Live woody fuels",2,2
"zq55",0.0147375763447243,0.0147375763447243,"Live woody fuels",2,2
"zq65",0.014522485283593,0.014522485283593,"Live woody fuels",2,2
"Mean_PAD_RelZ0.55_1.00",0.014487149537588,0.014487149537588,"Live woody fuels",2,2
"horizontalRumpel",0.00903103868311464,0.00903103868311464,"Live woody fuels",2,3
"Mean_PAD_RelZ0.55_1.00",0.00902188922183039,0.00902188922183039,"Live woody fuels",2,3
"Total_PAD_RelZ0.55_1.00",0.00855401544088303,0.00855401544088303,"Live woody fuels",2,3
"zq75",0.00800719600567046,0.00800719600567046,"Live woody fuels",2,3
"Mean_PAD_RelZ0.30_0.50",0.00798188207854427,0.00798188207854427,"Live woody fuels",2,3
"n",0.00787954144883477,0.00787954144883477,"Live woody fuels",2,3
"Total_PAD_FullROI",0.0078545491214205,0.0078545491214205,"Live woody fuels",2,3
"zq70",0.00760181662816932,0.00760181662816932,"Live woody fuels",2,3
"Percent.Below.90th.Quantile",0.00752712395312306,0.00752712395312306,"Live woody fuels",2,3
"zq85",0.00720708168008784,0.00720708168008784,"Live woody fuels",2,3
"Total_PAD_RelZ0.55_1.00",0.00876802927668689,0.00876802927668689,"Live woody fuels",2,4
"Mean_PAD_RelZ0.55_1.00",0.00824553063820387,0.00824553063820387,"Live woody fuels",2,4
"Percent.Below.80th.Quantile",0.00807062790165324,0.00807062790165324,"Live woody fuels",2,4
"horizontalRumpel",0.00799676322915914,0.00799676322915914,"Live woody fuels",2,4
"n",0.00788653994275547,0.00788653994275547,"Live woody fuels",2,4
"zq70",0.00740792614235036,0.00740792614235036,"Live woody fuels",2,4
"zq75",0.00728381105055176,0.00728381105055176,"Live woody fuels",2,4
"Mean_PAD_RelZ0.30_0.50",0.0071759338587342,0.0071759338587342,"Live woody fuels",2,4
"zq65",0.00699670313990446,0.00699670313990446,"Live woody fuels",2,4
"vn",0.00693677042335157,0.00693677042335157,"Live woody fuels",2,4
"zq45",0.0057476651922967,0.0057476651922967,"Live woody fuels",2,5
"zq50",0.00573913425730518,0.00573913425730518,"Live woody fuels",2,5
"zq55",0.00556809551861453,0.00556809551861453,"Live woody fuels",2,5
"zq60",0.00483726516649185,0.00483726516649185,"Live woody fuels",2,5
"Total_PAD_RelZ1.05_2.00",0.00467150979820365,0.00467150979820365,"Live woody fuels",2,5
"zq65",0.00457666057389638,0.00457666057389638,"Live woody fuels",2,5
"zq75",0.00455155972065526,0.00455155972065526,"Live woody fuels",2,5
"PC_Strata_1.00.2.00",0.00453872569671183,0.00453872569671183,"Live woody fuels",2,5
"zmean",0.00450784642884993,0.00450784642884993,"Live woody fuels",2,5
"Mean_PAD_RelZ1.05_2.00",0.00444065571323482,0.00444065571323482,"Live woody fuels",2,5
"Total_PAD_RelZ0.55_1.00",0.0064874621076222,0.0064874621076222,"Live woody fuels",3,1
"Mean_PAD_RelZ0.55_1.00",0.00631540458070107,0.00631540458070107,"Live woody fuels",3,1
"zq75",0.00626398810706266,0.00626398810706266,"Live woody fuels",3,1
"zq70",0.006120337517016,0.006120337517016,"Live woody fuels",3,1
"zq55",0.00607168038837059,0.00607168038837059,"Live woody fuels",3,1
"zq45",0.00604322339244788,0.00604322339244788,"Live woody fuels",3,1
"zq50",0.00604213687409453,0.00604213687409453,"Live woody fuels",3,1
"zq65",0.00599895353422848,0.00599895353422848,"Live woody fuels",3,1
"Percent.Below.90th.Quantile",0.00599462047778857,0.00599462047778857,"Live woody fuels",3,1
"PC_Strata_1.00.2.00",0.00594409299938709,0.00594409299938709,"Live woody fuels",3,1
"zq75",0.00410028167978113,0.00410028167978113,"Live woody fuels",3,2
"zq70",0.00400570748061033,0.00400570748061033,"Live woody fuels",3,2
"PC_Strata_1.00.2.00",0.00393974277365666,0.00393974277365666,"Live woody fuels",3,2
"zq65",0.00392512900208413,0.00392512900208413,"Live woody fuels",3,2
"Percent.Below.90th.Quantile",0.00387499882444334,0.00387499882444334,"Live woody fuels",3,2
"mean_vox_ht",0.00386903294435771,0.00386903294435771,"Live woody fuels",3,2
"horizontalRumpel",0.00386166033991571,0.00386166033991571,"Live woody fuels",3,2
"zq85",0.00379181752502191,0.00379181752502191,"Live woody fuels",3,2
"zq55",0.0037817062408179,0.0037817062408179,"Live woody fuels",3,2
"zq80",0.00377234865588388,0.00377234865588388,"Live woody fuels",3,2
"Total_PAD_RelZ0.55_1.00",0.00904194570225133,0.00904194570225133,"Live woody fuels",3,3
"Mean_PAD_RelZ0.55_1.00",0.00875985776468268,0.00875985776468268,"Live woody fuels",3,3
"zq75",0.00782692187166503,0.00782692187166503,"Live woody fuels",3,3
"zq70",0.00763470739171994,0.00763470739171994,"Live woody fuels",3,3
"Percent.Below.90th.Quantile",0.00760231951606564,0.00760231951606564,"Live woody fuels",3,3
"zq55",0.00746535171352043,0.00746535171352043,"Live woody fuels",3,3
"zq65",0.00743813070545575,0.00743813070545575,"Live woody fuels",3,3
"horizontalRumpel",0.00742842934175526,0.00742842934175526,"Live woody fuels",3,3
"zq45",0.00740355993557357,0.00740355993557357,"Live woody fuels",3,3
"zq50",0.0073950205621459,0.0073950205621459,"Live woody fuels",3,3
"Total_PAD_RelZ0.55_1.00",0.00696305367217692,0.00696305367217692,"Live woody fuels",3,4
"Mean_PAD_RelZ0.55_1.00",0.00661753327017538,0.00661753327017538,"Live woody fuels",3,4
"n",0.00635212442014377,0.00635212442014377,"Live woody fuels",3,4
"horizontalRumpel",0.00621057947970243,0.00621057947970243,"Live woody fuels",3,4
"Mean_PAD_RelZ0.30_0.50",0.00609140183180053,0.00609140183180053,"Live woody fuels",3,4
"vn",0.00587079042693816,0.00587079042693816,"Live woody fuels",3,4
"Alpha_Vol_m3",0.00578934972460504,0.00578934972460504,"Live woody fuels",3,4
"Total_PAD_RelZ0.30_0.50",0.00560404055472453,0.00560404055472453,"Live woody fuels",3,4
"itot",0.00543358024239763,0.00543358024239763,"Live woody fuels",3,4
"zq70",0.00456361872779473,0.00456361872779473,"Live woody fuels",3,4
"zq45",0.00968637229852422,0.00968637229852422,"Live woody fuels",3,5
"zq50",0.00955302690817889,0.00955302690817889,"Live woody fuels",3,5
"zq55",0.0090561187496425,0.0090561187496425,"Live woody fuels",3,5
"Total_PAD_RelZ0.55_1.00",0.00802057363976121,0.00802057363976121,"Live woody fuels",3,5
"zq60",0.00756555075157892,0.00756555075157892,"Live woody fuels",3,5
"Total_PAD_RelZ1.05_2.00",0.00742509717763022,0.00742509717763022,"Live woody fuels",3,5
"Mean_PAD_RelZ0.55_1.00",0.00727638620742,0.00727638620742,"Live woody fuels",3,5
"zq65",0.00710967934977181,0.00710967934977181,"Live woody fuels",3,5
"zpcum3",-0.0070442784880023,0.0070442784880023,"Live woody fuels",3,5
"Mean_PAD_RelZ1.05_2.00",0.00703762960219175,0.00703762960219175,"Live woody fuels",3,5
"zq75",0.0747306792243165,0.0747306792243165,"Live woody fuels",4,1
"Total_PAD_RelZ0.55_1.00",0.0644255449389257,0.0644255449389257,"Live woody fuels",4,1
"Percent.Below.90th.Quantile",0.0606643626161915,0.0606643626161915,"Live woody fuels",4,1
"zq70",0.0585646646370464,0.0585646646370464,"Live woody fuels",4,1
"horizontalRumpel",0.0480220229054262,0.0480220229054262,"Live woody fuels",4,1
"PC_Strata_1.00.2.00",0.0471099387678367,0.0471099387678367,"Live woody fuels",4,1
"zq65",0.0367726030061922,0.0367726030061922,"Live woody fuels",4,1
"Mean_PAD_RelZ0.55_1.00",0.0364770653379092,0.0364770653379092,"Live woody fuels",4,1
"mean_vox_ht",0.0216256263815042,0.0216256263815042,"Live woody fuels",4,1
"zq55",0.0192676486480549,0.0192676486480549,"Live woody fuels",4,1
"zq45",0.00706894504617592,0.00706894504617592,"Live woody fuels",4,2
"zq50",0.00705012112428221,0.00705012112428221,"Live woody fuels",4,2
"zq55",0.0067687666180093,0.0067687666180093,"Live woody fuels",4,2
"Total_PAD_RelZ0.55_1.00",0.00625619137044493,0.00625619137044493,"Live woody fuels",4,2
"Total_PAD_RelZ1.05_2.00",0.00608167855246072,0.00608167855246072,"Live woody fuels",4,2
"Mean_PAD_RelZ1.05_2.00",0.00597153522982653,0.00597153522982653,"Live woody fuels",4,2
"zq60",0.00578923691959297,0.00578923691959297,"Live woody fuels",4,2
"Mean_PAD_RelZ0.55_1.00",0.00572884049227563,0.00572884049227563,"Live woody fuels",4,2
"zq65",0.00545867333214993,0.00545867333214993,"Live woody fuels",4,2
"zq75",0.005449923754797,0.005449923754797,"Live woody fuels",4,2
"Total_PAD_RelZ0.55_1.00",0.0430714997520605,0.0430714997520605,"Live woody fuels",4,3
"Mean_PAD_RelZ0.55_1.00",0.0408611653682798,0.0408611653682798,"Live woody fuels",4,3
"Percent.Below.90th.Quantile",0.0336051357471142,0.0336051357471142,"Live woody fuels",4,3
"Total_PAD_RelZ1.05_2.00",0.0327705889915109,0.0327705889915109,"Live woody fuels",4,3
"PCA2_mean",0.0294716177419379,0.0294716177419379,"Live woody fuels",4,3
"Total_PAD_FullROI",0.0292773447844787,0.0292773447844787,"Live woody fuels",4,3
"Mean_PAD_RelZ0.30_0.50",0.0273993994138449,0.0273993994138449,"Live woody fuels",4,3
"PC_Strata_1.00.2.00",0.0267721285328318,0.0267721285328318,"Live woody fuels",4,3
"Mean_PAD_RelZ1.05_2.00",0.0266836176353792,0.0266836176353792,"Live woody fuels",4,3
"zq45",0.0259058324832074,0.0259058324832074,"Live woody fuels",4,3
"horizontalRumpel",0.00655397438831806,0.00655397438831806,"Live woody fuels",4,4
"Mean_PAD_RelZ0.30_0.50",0.00643284678588062,0.00643284678588062,"Live woody fuels",4,4
"n",0.00610483334231744,0.00610483334231744,"Live woody fuels",4,4
"Total_PAD_RelZ0.30_0.50",0.00552136814217697,0.00552136814217697,"Live woody fuels",4,4
"Mean_PAD_RelZ0.55_1.00",0.00536285715571686,0.00536285715571686,"Live woody fuels",4,4
"itot",0.00519974436472399,0.00519974436472399,"Live woody fuels",4,4
"Total_PAD_RelZ0.55_1.00",0.00513426474854761,0.00513426474854761,"Live woody fuels",4,4
"Alpha_Vol_m3",0.00490211354285653,0.00490211354285653,"Live woody fuels",4,4
"vn",0.00489629365909422,0.00489629365909422,"Live woody fuels",4,4
"zq70",0.00474330147366671,0.00474330147366671,"Live woody fuels",4,4
"Total_PAD_RelZ0.55_1.00",0.0144896423781835,0.0144896423781835,"Live woody fuels",4,5
"Mean_PAD_RelZ0.55_1.00",0.013863511139531,0.013863511139531,"Live woody fuels",4,5
"Percent.Below.90th.Quantile",0.0131716126589291,0.0131716126589291,"Live woody fuels",4,5
"zq75",0.0128083682527188,0.0128083682527188,"Live woody fuels",4,5
"zq70",0.0123956407489786,0.0123956407489786,"Live woody fuels",4,5
"zq55",0.0120426586949953,0.0120426586949953,"Live woody fuels",4,5
"zq65",0.0120194800726742,0.0120194800726742,"Live woody fuels",4,5
"PC_Strata_1.00.2.00",0.0118921683282875,0.0118921683282875,"Live woody fuels",4,5
"zq45",0.0118393270360685,0.0118393270360685,"Live woody fuels",4,5
"zq50",0.0117415625946383,0.0117415625946383,"Live woody fuels",4,5
"zq75",0.00435735146114905,0.00435735146114905,"Live woody fuels",5,1
"zq70",0.0042768191203163,0.0042768191203163,"Live woody fuels",5,1
"zq65",0.00418720849652112,0.00418720849652112,"Live woody fuels",5,1
"Percent.Below.90th.Quantile",0.00416144258120421,0.00416144258120421,"Live woody fuels",5,1
"zq55",0.00411472811535491,0.00411472811535491,"Live woody fuels",5,1
"PC_Strata_1.00.2.00",0.00408862174461831,0.00408862174461831,"Live woody fuels",5,1
"zq50",0.00404043370976907,0.00404043370976907,"Live woody fuels",5,1
"horizontalRumpel",0.00402385406474592,0.00402385406474592,"Live woody fuels",5,1
"mean_vox_ht",0.00400991816883356,0.00400991816883356,"Live woody fuels",5,1
"zq45",0.00399598160659352,0.00399598160659352,"Live woody fuels",5,1
"Total_PAD_RelZ0.55_1.00",0.0430576232602779,0.0430576232602779,"Live woody fuels",5,2
"Mean_PAD_RelZ0.55_1.00",0.0402611303494209,0.0402611303494209,"Live woody fuels",5,2
"PCA2_mean",0.0359034183962241,0.0359034183962241,"Live woody fuels",5,2
"Percent.Below.90th.Quantile",0.0308002197011113,0.0308002197011113,"Live woody fuels",5,2
"Mean_PAD_RelZ0.30_0.50",0.0300935103900775,0.0300935103900775,"Live woody fuels",5,2
"zq75",0.0290759901264247,0.0290759901264247,"Live woody fuels",5,2
"horizontalRumpel",0.0284122149370654,0.0284122149370654,"Live woody fuels",5,2
"Total_PAD_FullROI",0.0276828258468028,0.0276828258468028,"Live woody fuels",5,2
"zq70",0.0273310773821056,0.0273310773821056,"Live woody fuels",5,2
"PC_Strata_1.00.2.00",0.0270655633394817,0.0270655633394817,"Live woody fuels",5,2
"horizontalRumpel",0.103112479103971,0.103112479103971,"Live woody fuels",5,3
"Total_PAD_RelZ0.55_1.00",0.0880468222547409,0.0880468222547409,"Live woody fuels",5,3
"Mean_PAD_RelZ0.30_0.50",0.0607070169270449,0.0607070169270449,"Live woody fuels",5,3
"Mean_PAD_RelZ0.55_1.00",0.0513029476102262,0.0513029476102262,"Live woody fuels",5,3
"n",0.0443667601124523,0.0443667601124523,"Live woody fuels",5,3
"Alpha_Vol_m3",0.0280711855482241,0.0280711855482241,"Live woody fuels",5,3
"vn",0.01355946721359,0.01355946721359,"Live woody fuels",5,3
"Total_PAD_RelZ0.30_0.50",0.00768206195374294,0.00768206195374294,"Live woody fuels",5,3
"PC_Density_m3",0,0,"Live woody fuels",5,3
"cHull_vol",0,0,"Live woody fuels",5,3
"Total_PAD_RelZ0.55_1.00",0.0335258854399715,0.0335258854399715,"Live woody fuels",5,4
"zq45",0.0334202068147687,0.0334202068147687,"Live woody fuels",5,4
"zq50",0.0317458396106014,0.0317458396106014,"Live woody fuels",5,4
"zq55",0.0290753974507602,0.0290753974507602,"Live woody fuels",5,4
"Mean_PAD_RelZ0.55_1.00",0.0278344509688231,0.0278344509688231,"Live woody fuels",5,4
"zq10",-0.026240600303259,0.026240600303259,"Live woody fuels",5,4
"Total_PAD_RelZ1.05_2.00",0.0255878994237237,0.0255878994237237,"Live woody fuels",5,4
"Mean_PAD_RelZ1.05_2.00",0.0248102739545415,0.0248102739545415,"Live woody fuels",5,4
"zq15",-0.0235728649276061,0.0235728649276061,"Live woody fuels",5,4
"Percent.Below.90th.Quantile",0.0224988376275907,0.0224988376275907,"Live woody fuels",5,4
"Total_PAD_RelZ0.55_1.00",0.00915516291978421,0.00915516291978421,"Live woody fuels",5,5
"Mean_PAD_RelZ0.55_1.00",0.00885909940045498,0.00885909940045498,"Live woody fuels",5,5
"zq75",0.00810006645453382,0.00810006645453382,"Live woody fuels",5,5
"PC_Strata_1.00.2.00",0.00793558531537473,0.00793558531537473,"Live woody fuels",5,5
"zq70",0.0079013029283863,0.0079013029283863,"Live woody fuels",5,5
"zq45",0.00783298814504684,0.00783298814504684,"Live woody fuels",5,5
"zq55",0.00782251522752092,0.00782251522752092,"Live woody fuels",5,5
"zq50",0.00779243023071884,0.00779243023071884,"Live woody fuels",5,5
"horizontalRumpel",0.00776478449453753,0.00776478449453753,"Live woody fuels",5,5
"Percent.Below.90th.Quantile",0.00772865562656229,0.00772865562656229,"Live woody fuels",5,5
"Total_PAD_RelZ0.55_1.00",0.00864003818944751,0.00864003818944751,"Live woody fuels",6,1
"Mean_PAD_RelZ0.55_1.00",0.00814948139159292,0.00814948139159292,"Live woody fuels",6,1
"horizontalRumpel",0.00813744530068416,0.00813744530068416,"Live woody fuels",6,1
"Percent.Below.80th.Quantile",0.00811481727096417,0.00811481727096417,"Live woody fuels",6,1
"n",0.0079233095265493,0.0079233095265493,"Live woody fuels",6,1
"zq70",0.00758064781835485,0.00758064781835485,"Live woody fuels",6,1
"zq75",0.00740934606776275,0.00740934606776275,"Live woody fuels",6,1
"zq65",0.00713127325535616,0.00713127325535616,"Live woody fuels",6,1
"Mean_PAD_RelZ0.30_0.50",0.0070621140433186,0.0070621140433186,"Live woody fuels",6,1
"vn",0.00703791513578291,0.00703791513578291,"Live woody fuels",6,1
"Total_PAD_RelZ0.55_1.00",0.0421671757907473,0.0421671757907473,"Live woody fuels",6,2
"Mean_PAD_RelZ0.55_1.00",0.0388890726863236,0.0388890726863236,"Live woody fuels",6,2
"Percent.Below.90th.Quantile",0.0338178672263869,0.0338178672263869,"Live woody fuels",6,2
"Mean_PAD_RelZ0.30_0.50",0.0285370495894647,0.0285370495894647,"Live woody fuels",6,2
"PCA2_mean",0.026674290568199,0.026674290568199,"Live woody fuels",6,2
"zq75",0.0266496283866922,0.0266496283866922,"Live woody fuels",6,2
"zq5",-0.0264837294634459,0.0264837294634459,"Live woody fuels",6,2
"PC_Strata_1.00.2.00",0.026337676972203,0.026337676972203,"Live woody fuels",6,2
"zq45",0.0257866221099756,0.0257866221099756,"Live woody fuels",6,2
"Total_PAD_FullROI",0.0252095760750452,0.0252095760750452,"Live woody fuels",6,2
"Total_PAD_RelZ1.05_2.00",0.00463858066915792,0.00463858066915792,"Live woody fuels",6,3
"Mean_PAD_RelZ1.05_2.00",0.00442987793798424,0.00442987793798424,"Live woody fuels",6,3
"zq40",0.00415021318029473,0.00415021318029473,"Live woody fuels",6,3
"zq35",0.00404831723063853,0.00404831723063853,"Live woody fuels",6,3
"zq55",0.00393767099809431,0.00393767099809431,"Live woody fuels",6,3
"Mean_PAD_RelZ0.55_1.00",0.00382921586347418,0.00382921586347418,"Live woody fuels",6,3
"zq50",0.00382832510622532,0.00382832510622532,"Live woody fuels",6,3
"Percent.Below.50th.Quantile",0.00379177570664361,0.00379177570664361,"Live woody fuels",6,3
"Percent.Below.60th.Quantile",0.00378211770062402,0.00378211770062402,"Live woody fuels",6,3
"zpcum3",-0.00372079238115333,0.00372079238115333,"Live woody fuels",6,3
"Percent.Below.90th.Quantile",0.0144321515961452,0.0144321515961452,"Live woody fuels",6,4
"zq75",0.0137085841435068,0.0137085841435068,"Live woody fuels",6,4
"PC_Strata_1.00.2.00",0.0135334725375482,0.0135334725375482,"Live woody fuels",6,4
"Total_PAD_RelZ0.55_1.00",0.0133800527098562,0.0133800527098562,"Live woody fuels",6,4
"zq70",0.0133575116156103,0.0133575116156103,"Live woody fuels",6,4
"zq65",0.013109883041492,0.013109883041492,"Live woody fuels",6,4
"Mean_PAD_RelZ0.55_1.00",0.0127322360734108,0.0127322360734108,"Live woody fuels",6,4
"horizontalRumpel",0.0126180379333705,0.0126180379333705,"Live woody fuels",6,4
"zq55",0.0125294906563236,0.0125294906563236,"Live woody fuels",6,4
"zq50",0.0122537516014974,0.0122537516014974,"Live woody fuels",6,4
"Total_PAD_RelZ0.55_1.00",0.0153425573600635,0.0153425573600635,"Live woody fuels",6,5
"Mean_PAD_RelZ0.55_1.00",0.0147584474367897,0.0147584474367897,"Live woody fuels",6,5
"Percent.Below.90th.Quantile",0.0125337217263807,0.0125337217263807,"Live woody fuels",6,5
"zq75",0.0120691872071173,0.0120691872071173,"Live woody fuels",6,5
"zq70",0.0116525845769321,0.0116525845769321,"Live woody fuels",6,5
"horizontalRumpel",0.0115911409349118,0.0115911409349118,"Live woody fuels",6,5
"PC_Strata_1.00.2.00",0.0115857932657165,0.0115857932657165,"Live woody fuels",6,5
"zq45",0.011540320241537,0.011540320241537,"Live woody fuels",6,5
"zq55",0.0114116047371469,0.0114116047371469,"Live woody fuels",6,5
"zq50",0.0113891221245482,0.0113891221245482,"Live woody fuels",6,5
"Total_PAD_RelZ0.55_1.00",0.0138583179139684,0.0138583179139684,"Live woody fuels",7,1
"Mean_PAD_RelZ0.55_1.00",0.0134794597697197,0.0134794597697197,"Live woody fuels",7,1
"n",0.0107691225961873,0.0107691225961873,"Live woody fuels",7,1
"Total_PAD_RelZ1.05_2.00",0.0105977464527881,0.0105977464527881,"Live woody fuels",7,1
"Total_PAD_FullROI",0.0103255657408258,0.0103255657408258,"Live woody fuels",7,1
"horizontalRumpel",0.0102653665444951,0.0102653665444951,"Live woody fuels",7,1
"zq75",0.0100091245703011,0.0100091245703011,"Live woody fuels",7,1
"itot",0.00996051188757635,0.00996051188757635,"Live woody fuels",7,1
"zq70",0.00954346504019751,0.00954346504019751,"Live woody fuels",7,1
"PC_Strata_1.00.2.00",0.0093944180332515,0.0093944180332515,"Live woody fuels",7,1
"Mean_PAD_RelZ0.30_0.50",0.0385682128107781,0.0385682128107781,"Live woody fuels",7,2
"ipcumzq70",0.0335278516602729,0.0335278516602729,"Live woody fuels",7,2
"Percent.Below.80th.Quantile",0.0333512508015009,0.0333512508015009,"Live woody fuels",7,2
"horizontalRumpel",0.0319139998269293,0.0319139998269293,"Live woody fuels",7,2
"Total_PAD_RelZ0.30_0.50",0.0299276437906989,0.0299276437906989,"Live woody fuels",7,2
"zq70",0.0262743139443499,0.0262743139443499,"Live woody fuels",7,2
"n",0.0251286638764255,0.0251286638764255,"Live woody fuels",7,2
"zq75",0.0248932785579895,0.0248932785579895,"Live woody fuels",7,2
"Percent.Below.90th.Quantile",0.0247323686786438,0.0247323686786438,"Live woody fuels",7,2
"Mean_PAD_RelZ0.55_1.00",0.0238677794620959,0.0238677794620959,"Live woody fuels",7,2
"Total_PAD_RelZ0.55_1.00",0.0217634791476213,0.0217634791476213,"Live woody fuels",7,3
"Mean_PAD_RelZ0.55_1.00",0.0205612880123004,0.0205612880123004,"Live woody fuels",7,3
"Percent.Below.90th.Quantile",0.0167795982975179,0.0167795982975179,"Live woody fuels",7,3
"Total_PAD_FullROI",0.016582273809428,0.016582273809428,"Live woody fuels",7,3
"Mean_PAD_RelZ0.30_0.50",0.0161283574038494,0.0161283574038494,"Live woody fuels",7,3
"zq75",0.0156312883268029,0.0156312883268029,"Live woody fuels",7,3
"horizontalRumpel",0.015150860999948,0.015150860999948,"Live woody fuels",7,3
"PC_Strata_1.00.2.00",0.0149544113532749,0.0149544113532749,"Live woody fuels",7,3
"zq70",0.0149240510294206,0.0149240510294206,"Live woody fuels",7,3
"zq45",0.014602230613504,0.014602230613504,"Live woody fuels",7,3
"Total_PAD_RelZ0.55_1.00",0.0130777630435223,0.0130777630435223,"Live woody fuels",7,4
"Percent.Below.90th.Quantile",0.0129853884394309,0.0129853884394309,"Live woody fuels",7,4
"Mean_PAD_RelZ0.55_1.00",0.0125281764901065,0.0125281764901065,"Live woody fuels",7,4
"zq45",0.0121382295104922,0.0121382295104922,"Live woody fuels",7,4
"zq50",0.0119476837426581,0.0119476837426581,"Live woody fuels",7,4
"zq55",0.0118733957866119,0.0118733957866119,"Live woody fuels",7,4
"zq75",0.0118367985381977,0.0118367985381977,"Live woody fuels",7,4
"PC_Strata_1.00.2.00",0.0116460701503376,0.0116460701503376,"Live woody fuels",7,4
"zq70",0.0115932103219779,0.0115932103219779,"Live woody fuels",7,4
"zq65",0.0114080359219083,0.0114080359219083,"Live woody fuels",7,4
"zq50",0.264982476891219,0.264982476891219,"Live woody fuels",7,5
"Total_PAD_RelZ0.55_1.00",0.108863922596845,0.108863922596845,"Live woody fuels",7,5
"PC_Density_m3",0,0,"Live woody fuels",7,5
"cHull_vol",0,0,"Live woody fuels",7,5
"Alpha_Vol_m3",0,0,"Live woody fuels",7,5
"horizontalRumpel",0,0,"Live woody fuels",7,5
"mean_vox_ht",0,0,"Live woody fuels",7,5
"sd_vox_ht",0,0,"Live woody fuels",7,5
"zmax",0,0,"Live woody fuels",7,5
"zmean",0,0,"Live woody fuels",7,5
"Percent.Below.90th.Quantile",0.0289829286815832,0.0289829286815832,"Live woody fuels",8,1
"Total_PAD_RelZ0.55_1.00",0.0255215191858697,0.0255215191858697,"Live woody fuels",8,1
"Mean_PAD_RelZ0.55_1.00",0.0238735596354929,0.0238735596354929,"Live woody fuels",8,1
"Mean_PAD_RelZ0.30_0.50",0.0217705963198044,0.0217705963198044,"Live woody fuels",8,1
"zq75",0.021744471867093,0.021744471867093,"Live woody fuels",8,1
"zq55",0.021689436187157,0.021689436187157,"Live woody fuels",8,1
"PC_Strata_1.00.2.00",0.0214289228342171,0.0214289228342171,"Live woody fuels",8,1
"zq45",0.0213768739487183,0.0213768739487183,"Live woody fuels",8,1
"zq70",0.0212949927228844,0.0212949927228844,"Live woody fuels",8,1
"zq65",0.0212274243702303,0.0212274243702303,"Live woody fuels",8,1
"Percent.Below.90th.Quantile",0.0228135778924798,0.0228135778924798,"Live woody fuels",8,2
"zq75",0.0201815539696573,0.0201815539696573,"Live woody fuels",8,2
"Mean_PAD_RelZ0.55_1.00",0.020133145826558,0.020133145826558,"Live woody fuels",8,2
"PC_Strata_1.00.2.00",0.0193089150121879,0.0193089150121879,"Live woody fuels",8,2
"zq70",0.019164327260014,0.019164327260014,"Live woody fuels",8,2
"Total_PAD_RelZ0.55_1.00",0.0189933275080926,0.0189933275080926,"Live woody fuels",8,2
"zq65",0.0183347180709421,0.0183347180709421,"Live woody fuels",8,2
"Mean_PAD_RelZ0.30_0.50",0.0181500431680637,0.0181500431680637,"Live woody fuels",8,2
"Total_PAD_FullROI",0.0177397081922213,0.0177397081922213,"Live woody fuels",8,2
"horizontalRumpel",0.0174198915137382,0.0174198915137382,"Live woody fuels",8,2
"Total_PAD_RelZ0.55_1.00",0.00379662436305577,0.00379662436305577,"Live woody fuels",8,3
"Mean_PAD_RelZ0.55_1.00",0.00340056039669559,0.00340056039669559,"Live woody fuels",8,3
"vn",0.00334642424201083,0.00334642424201083,"Live woody fuels",8,3
"Alpha_Vol_m3",0.00324260182229338,0.00324260182229338,"Live woody fuels",8,3
"n",0.00308006580082119,0.00308006580082119,"Live woody fuels",8,3
"itot",0.0030427201683344,0.0030427201683344,"Live woody fuels",8,3
"PC_Strata_0.50.1.00",0.00281739394320017,0.00281739394320017,"Live woody fuels",8,3
"Percent.Below.50th.Quantile",0.00252482654707539,0.00252482654707539,"Live woody fuels",8,3
"PC_Strata_0.00.0.25",-0.00251338145040658,0.00251338145040658,"Live woody fuels",8,3
"Total_PAD_RelZ0.30_0.50",0.00248791000861935,0.00248791000861935,"Live woody fuels",8,3
"Total_PAD_RelZ0.55_1.00",0.0104025908471759,0.0104025908471759,"Live woody fuels",8,4
"Mean_PAD_RelZ0.55_1.00",0.0100884528911435,0.0100884528911435,"Live woody fuels",8,4
"PC_Strata_1.00.2.00",0.0094481822888003,0.0094481822888003,"Live woody fuels",8,4
"zq75",0.00940659686860926,0.00940659686860926,"Live woody fuels",8,4
"zq70",0.00920339834131813,0.00920339834131813,"Live woody fuels",8,4
"zq45",0.00917708682352604,0.00917708682352604,"Live woody fuels",8,4
"horizontalRumpel",0.00912236942705891,0.00912236942705891,"Live woody fuels",8,4
"zq55",0.0090806973154075,0.0090806973154075,"Live woody fuels",8,4
"zq50",0.00906949695979269,0.00906949695979269,"Live woody fuels",8,4
"zq65",0.00900081865982767,0.00900081865982767,"Live woody fuels",8,4
"Total_PAD_RelZ0.55_1.00",0.0116986587067539,0.0116986587067539,"Live woody fuels",8,5
"Mean_PAD_RelZ0.55_1.00",0.0112411733795239,0.0112411733795239,"Live woody fuels",8,5
"zq75",0.0096694311005064,0.0096694311005064,"Live woody fuels",8,5
"Percent.Below.90th.Quantile",0.00946212827806331,0.00946212827806331,"Live woody fuels",8,5
"horizontalRumpel",0.00938588470810503,0.00938588470810503,"Live woody fuels",8,5
"zq70",0.00932005102899081,0.00932005102899081,"Live woody fuels",8,5
"PC_Strata_1.00.2.00",0.00917319323963163,0.00917319323963163,"Live woody fuels",8,5
"zq55",0.00906076175567372,0.00906076175567372,"Live woody fuels",8,5
"zq65",0.00903384276319545,0.00903384276319545,"Live woody fuels",8,5
"zq45",0.00903328306724281,0.00903328306724281,"Live woody fuels",8,5
"Percent.Below.90th.Quantile",0.03107617023316,0.03107617023316,"Live woody fuels",9,1
"Total_PAD_RelZ0.55_1.00",0.0308241687181737,0.0308241687181737,"Live woody fuels",9,1
"Mean_PAD_RelZ0.55_1.00",0.0291750420695576,0.0291750420695576,"Live woody fuels",9,1
"Total_PAD_RelZ1.05_2.00",0.0251781760683345,0.0251781760683345,"Live woody fuels",9,1
"PC_Strata_1.00.2.00",0.0233143052504346,0.0233143052504346,"Live woody fuels",9,1
"zq75",0.021819577103661,0.021819577103661,"Live woody fuels",9,1
"Mean_PAD_RelZ1.05_2.00",0.0212520626283332,0.0212520626283332,"Live woody fuels",9,1
"Total_PAD_FullROI",0.0211752672024995,0.0211752672024995,"Live woody fuels",9,1
"zq70",0.0207704620889168,0.0207704620889168,"Live woody fuels",9,1
"zq65",0.0203355795748363,0.0203355795748363,"Live woody fuels",9,1
"Total_PAD_RelZ0.55_1.00",0.0441392186293066,0.0441392186293066,"Live woody fuels",9,2
"horizontalRumpel",0.0440807291624473,0.0440807291624473,"Live woody fuels",9,2
"Mean_PAD_RelZ0.55_1.00",0.0356404370171654,0.0356404370171654,"Live woody fuels",9,2
"n",0.0342046584940225,0.0342046584940225,"Live woody fuels",9,2
"Alpha_Vol_m3",0.0294678894341204,0.0294678894341204,"Live woody fuels",9,2
"Mean_PAD_RelZ0.30_0.50",0.0290183595814778,0.0290183595814778,"Live woody fuels",9,2
"vn",0.0274934148552297,0.0274934148552297,"Live woody fuels",9,2
"Total_PAD_RelZ0.30_0.50",0.0160867911610648,0.0160867911610648,"Live woody fuels",9,2
"itot",0.0111745085089529,0.0111745085089529,"Live woody fuels",9,2
"zq70",0.00958222001665869,0.00958222001665869,"Live woody fuels",9,2
"Total_PAD_RelZ0.55_1.00",0.00736288911740628,0.00736288911740628,"Live woody fuels",9,3
"Mean_PAD_RelZ0.55_1.00",0.00714869879252518,0.00714869879252518,"Live woody fuels",9,3
"zq75",0.0068223192936359,0.0068223192936359,"Live woody fuels",9,3
"zq70",0.00666852768850893,0.00666852768850893,"Live woody fuels",9,3
"zq65",0.00650332864926375,0.00650332864926375,"Live woody fuels",9,3
"zq55",0.00646056955669366,0.00646056955669366,"Live woody fuels",9,3
"horizontalRumpel",0.00642949277464901,0.00642949277464901,"Live woody fuels",9,3
"zq50",0.00631452843710754,0.00631452843710754,"Live woody fuels",9,3
"PC_Strata_1.00.2.00",0.00631367557032243,0.00631367557032243,"Live woody fuels",9,3
"zq45",0.00630739407813712,0.00630739407813712,"Live woody fuels",9,3
"Total_PAD_RelZ0.55_1.00",0.0167316159179366,0.0167316159179366,"Live woody fuels",9,4
"Mean_PAD_RelZ0.55_1.00",0.0159016207383867,0.0159016207383867,"Live woody fuels",9,4
"PC_Strata_1.00.2.00",0.0152910886785731,0.0152910886785731,"Live woody fuels",9,4
"Percent.Below.90th.Quantile",0.0152481833687252,0.0152481833687252,"Live woody fuels",9,4
"zq75",0.0151534067099814,0.0151534067099814,"Live woody fuels",9,4
"horizontalRumpel",0.0150461081150085,0.0150461081150085,"Live woody fuels",9,4
"zq45",0.0149263368593981,0.0149263368593981,"Live woody fuels",9,4
"zq70",0.0148146672081723,0.0148146672081723,"Live woody fuels",9,4
"zq50",0.0146248058919205,0.0146248058919205,"Live woody fuels",9,4
"zq55",0.0145190452687658,0.0145190452687658,"Live woody fuels",9,4
"zq50",0.00391478169422336,0.00391478169422336,"Live woody fuels",9,5
"zq45",0.00389004372804527,0.00389004372804527,"Live woody fuels",9,5
"zq55",0.00381180725387907,0.00381180725387907,"Live woody fuels",9,5
"zq60",0.00339526735475543,0.00339526735475543,"Live woody fuels",9,5
"zq75",0.00324845375216677,0.00324845375216677,"Live woody fuels",9,5
"zq65",0.00324681192966098,0.00324681192966098,"Live woody fuels",9,5
"PC_Strata_1.00.2.00",0.00321855899999502,0.00321855899999502,"Live woody fuels",9,5
"zmean",0.00314328301870397,0.00314328301870397,"Live woody fuels",9,5
"zq70",0.00312231919853241,0.00312231919853241,"Live woody fuels",9,5
"mean_vox_ht",0.00308334443595888,0.00308334443595888,"Live woody fuels",9,5
"zq75",0.00448645612634813,0.00448645612634813,"Live woody fuels",10,1
"Percent.Below.90th.Quantile",0.00441956127369313,0.00441956127369313,"Live woody fuels",10,1
"zq70",0.0044021104596569,0.0044021104596569,"Live woody fuels",10,1
"zq55",0.00439742296823657,0.00439742296823657,"Live woody fuels",10,1
"zq50",0.00437332667653847,0.00437332667653847,"Live woody fuels",10,1
"zq45",0.00436598135271186,0.00436598135271186,"Live woody fuels",10,1
"zq65",0.00433327125292798,0.00433327125292798,"Live woody fuels",10,1
"Total_PAD_RelZ0.55_1.00",0.0042395776105315,0.0042395776105315,"Live woody fuels",10,1
"PC_Strata_1.00.2.00",0.00418688572829176,0.00418688572829176,"Live woody fuels",10,1
"zmean",0.00414529567579674,0.00414529567579674,"Live woody fuels",10,1
"Total_PAD_RelZ0.55_1.00",0.0497008562047785,0.0497008562047785,"Live woody fuels",10,2
"vn",0.034818495463058,0.034818495463058,"Live woody fuels",10,2
"Alpha_Vol_m3",0.0338613901149192,0.0338613901149192,"Live woody fuels",10,2
"Mean_PAD_RelZ0.55_1.00",0.0323731013171915,0.0323731013171915,"Live woody fuels",10,2
"n",0.0210029091838992,0.0210029091838992,"Live woody fuels",10,2
"Percent.Below.50th.Quantile",0.0156410254155326,0.0156410254155326,"Live woody fuels",10,2
"itot",0.0142588469951654,0.0142588469951654,"Live woody fuels",10,2
"PC_Strata_0.50.1.00",0.0137187782076697,0.0137187782076697,"Live woody fuels",10,2
"Total_PAD_RelZ0.30_0.50",0.011666118417976,0.011666118417976,"Live woody fuels",10,2
"Mean_PropOcc_RelZ0.30_0.50",0.0101358782024138,0.0101358782024138,"Live woody fuels",10,2
"Total_PAD_RelZ0.55_1.00",0.0103258973659511,0.0103258973659511,"Live woody fuels",10,3
"Mean_PAD_RelZ0.55_1.00",0.0099621297956045,0.0099621297956045,"Live woody fuels",10,3
"zq75",0.00939741144934009,0.00939741144934009,"Live woody fuels",10,3
"zq70",0.0091694027276016,0.0091694027276016,"Live woody fuels",10,3
"horizontalRumpel",0.00916499886014675,0.00916499886014675,"Live woody fuels",10,3
"Percent.Below.90th.Quantile",0.00898212230923602,0.00898212230923602,"Live woody fuels",10,3
"zq65",0.00891014288435541,0.00891014288435541,"Live woody fuels",10,3
"PC_Strata_1.00.2.00",0.00890082495919029,0.00890082495919029,"Live woody fuels",10,3
"zq55",0.00886262113689753,0.00886262113689753,"Live woody fuels",10,3
"zq45",0.0088314287933808,0.0088314287933808,"Live woody fuels",10,3
"zq75",0.00389160011356742,0.00389160011356742,"Live woody fuels",10,4
"zq70",0.00380812495438135,0.00380812495438135,"Live woody fuels",10,4
"zq65",0.00371704715311154,0.00371704715311154,"Live woody fuels",10,4
"horizontalRumpel",0.00369026303497274,0.00369026303497274,"Live woody fuels",10,4
"mean_vox_ht",0.00366139969065105,0.00366139969065105,"Live woody fuels",10,4
"PC_Strata_1.00.2.00",0.003629800566884,0.003629800566884,"Live woody fuels",10,4
"Percent.Below.90th.Quantile",0.00361474997649447,0.00361474997649447,"Live woody fuels",10,4
"zq55",0.00360418015249651,0.00360418015249651,"Live woody fuels",10,4
"zq85",0.0035334126827132,0.0035334126827132,"Live woody fuels",10,4
"zq50",0.00350558861382504,0.00350558861382504,"Live woody fuels",10,4
"Total_PAD_RelZ0.55_1.00",0.00628634458513338,0.00628634458513338,"Live woody fuels",10,5
"zq75",0.00615220485026941,0.00615220485026941,"Live woody fuels",10,5
"Mean_PAD_RelZ0.55_1.00",0.00609209130389075,0.00609209130389075,"Live woody fuels",10,5
"zq70",0.00601608095414726,0.00601608095414726,"Live woody fuels",10,5
"zq65",0.00590064214345419,0.00590064214345419,"Live woody fuels",10,5
"Percent.Below.90th.Quantile",0.00583591891402535,0.00583591891402535,"Live woody fuels",10,5
"PC_Strata_1.00.2.00",0.00574383569246967,0.00574383569246967,"Live woody fuels",10,5
"zq55",0.00572605011394054,0.00572605011394054,"Live woody fuels",10,5
"horizontalRumpel",0.00570977875592758,0.00570977875592758,"Live woody fuels",10,5
"zq50",0.00560686869054637,0.00560686869054637,"Live woody fuels",10,5
"PC_Density_m3",0,0,"Large-diameter DDW",1,1
"cHull_vol",0,0,"Large-diameter DDW",1,1
"Alpha_Vol_m3",0,0,"Large-diameter DDW",1,1
"horizontalRumpel",0,0,"Large-diameter DDW",1,1
"mean_vox_ht",0,0,"Large-diameter DDW",1,1
"sd_vox_ht",0,0,"Large-diameter DDW",1,1
"zmax",0,0,"Large-diameter DDW",1,1
"zmean",0,0,"Large-diameter DDW",1,1
"zsd",0,0,"Large-diameter DDW",1,1
"zskew",0,0,"Large-diameter DDW",1,1
"PC_Density_m3",0,0,"Large-diameter DDW",1,2
"cHull_vol",0,0,"Large-diameter DDW",1,2
"Alpha_Vol_m3",0,0,"Large-diameter DDW",1,2
"horizontalRumpel",0,0,"Large-diameter DDW",1,2
"mean_vox_ht",0,0,"Large-diameter DDW",1,2
"sd_vox_ht",0,0,"Large-diameter DDW",1,2
"zmax",0,0,"Large-diameter DDW",1,2
"zmean",0,0,"Large-diameter DDW",1,2
"zsd",0,0,"Large-diameter DDW",1,2
"zskew",0,0,"Large-diameter DDW",1,2
"lad_max",0.0181011301422468,0.0181011301422468,"Large-diameter DDW",1,3
"Percent.Below.30th.Quantile",0.0160657127508541,0.0160657127508541,"Large-diameter DDW",1,3
"Percent.Below.40th.Quantile",0.0149773842219899,0.0149773842219899,"Large-diameter DDW",1,3
"lad_mean",0.0147437818451348,0.0147437818451348,"Large-diameter DDW",1,3
"lad_sum",0.0143364823341226,0.0143364823341226,"Large-diameter DDW",1,3
"PCA1_mean",0.0119057764221849,0.0119057764221849,"Large-diameter DDW",1,3
"Ny_mean",0.0108592124550255,0.0108592124550255,"Large-diameter DDW",1,3
"ipcumzq90",0.00953005949581536,0.00953005949581536,"Large-diameter DDW",1,3
"Percent.Below.20th.Quantile",0.00931436490548806,0.00931436490548806,"Large-diameter DDW",1,3
"Percent.Below.10th.Quantile",-0.00783653131084884,0.00783653131084884,"Large-diameter DDW",1,3
"lad_max",0.0279272367549377,0.0279272367549377,"Large-diameter DDW",1,4
"Percent.Below.30th.Quantile",0.0276826089145818,0.0276826089145818,"Large-diameter DDW",1,4
"lad_mean",0.0238320385654734,0.0238320385654734,"Large-diameter DDW",1,4
"lad_sum",0.02176620786821,0.02176620786821,"Large-diameter DDW",1,4
"Ny_mean",0.0202050567100979,0.0202050567100979,"Large-diameter DDW",1,4
"Percent.Below.20th.Quantile",0.0192019348489873,0.0192019348489873,"Large-diameter DDW",1,4
"Percent.Below.40th.Quantile",0.0184379954660536,0.0184379954660536,"Large-diameter DDW",1,4
"Linearity_mean",0.0141171750041817,0.0141171750041817,"Large-diameter DDW",1,4
"Percent.Below.10th.Quantile",-0.0140944516320606,0.0140944516320606,"Large-diameter DDW",1,4
"PCA1_mean",0.0129168764670288,0.0129168764670288,"Large-diameter DDW",1,4
"PC_Density_m3",0,0,"Large-diameter DDW",1,5
"cHull_vol",0,0,"Large-diameter DDW",1,5
"Alpha_Vol_m3",0,0,"Large-diameter DDW",1,5
"horizontalRumpel",0,0,"Large-diameter DDW",1,5
"mean_vox_ht",0,0,"Large-diameter DDW",1,5
"sd_vox_ht",0,0,"Large-diameter DDW",1,5
"zmax",0,0,"Large-diameter DDW",1,5
"zmean",0,0,"Large-diameter DDW",1,5
"zsd",0,0,"Large-diameter DDW",1,5
"zskew",0,0,"Large-diameter DDW",1,5
"PC_Density_m3",0,0,"Large-diameter DDW",2,1
"cHull_vol",0,0,"Large-diameter DDW",2,1
"Alpha_Vol_m3",0,0,"Large-diameter DDW",2,1
"horizontalRumpel",0,0,"Large-diameter DDW",2,1
"mean_vox_ht",0,0,"Large-diameter DDW",2,1
"sd_vox_ht",0,0,"Large-diameter DDW",2,1
"zmax",0,0,"Large-diameter DDW",2,1
"zmean",0,0,"Large-diameter DDW",2,1
"zsd",0,0,"Large-diameter DDW",2,1
"zskew",0,0,"Large-diameter DDW",2,1
"PC_Density_m3",0,0,"Large-diameter DDW",2,2
"cHull_vol",0,0,"Large-diameter DDW",2,2
"Alpha_Vol_m3",0,0,"Large-diameter DDW",2,2
"horizontalRumpel",0,0,"Large-diameter DDW",2,2
"mean_vox_ht",0,0,"Large-diameter DDW",2,2
"sd_vox_ht",0,0,"Large-diameter DDW",2,2
"zmax",0,0,"Large-diameter DDW",2,2
"zmean",0,0,"Large-diameter DDW",2,2
"zsd",0,0,"Large-diameter DDW",2,2
"zskew",0,0,"Large-diameter DDW",2,2
"PC_Density_m3",0,0,"Large-diameter DDW",2,3
"cHull_vol",0,0,"Large-diameter DDW",2,3
"Alpha_Vol_m3",0,0,"Large-diameter DDW",2,3
"horizontalRumpel",0,0,"Large-diameter DDW",2,3
"mean_vox_ht",0,0,"Large-diameter DDW",2,3
"sd_vox_ht",0,0,"Large-diameter DDW",2,3
"zmax",0,0,"Large-diameter DDW",2,3
"zmean",0,0,"Large-diameter DDW",2,3
"zsd",0,0,"Large-diameter DDW",2,3
"zskew",0,0,"Large-diameter DDW",2,3
"Percent.Below.30th.Quantile",0.0552865277560934,0.0552865277560934,"Large-diameter DDW",2,4
"lad_max",0.0532070119528009,0.0532070119528009,"Large-diameter DDW",2,4
"lad_mean",0.0435691258624317,0.0435691258624317,"Large-diameter DDW",2,4
"Ny_mean",0.0411374722616858,0.0411374722616858,"Large-diameter DDW",2,4
"lad_sum",0.0405750680456762,0.0405750680456762,"Large-diameter DDW",2,4
"Percent.Below.20th.Quantile",0.0392269188372883,0.0392269188372883,"Large-diameter DDW",2,4
"Percent.Below.40th.Quantile",0.037752655450858,0.037752655450858,"Large-diameter DDW",2,4
"PCA1_mean",0.0290177700394935,0.0290177700394935,"Large-diameter DDW",2,4
"Percent.Below.10th.Quantile",-0.0263517992333364,0.0263517992333364,"Large-diameter DDW",2,4
"Linearity_mean",0.0255654483255772,0.0255654483255772,"Large-diameter DDW",2,4
"Percent.Below.30th.Quantile",0.477273183727925,0.477273183727925,"Large-diameter DDW",2,5
"lad_max",0.428348530312471,0.428348530312471,"Large-diameter DDW",2,5
"PC_Density_m3",0,0,"Large-diameter DDW",2,5
"cHull_vol",0,0,"Large-diameter DDW",2,5
"Alpha_Vol_m3",0,0,"Large-diameter DDW",2,5
"horizontalRumpel",0,0,"Large-diameter DDW",2,5
"mean_vox_ht",0,0,"Large-diameter DDW",2,5
"sd_vox_ht",0,0,"Large-diameter DDW",2,5
"zmax",0,0,"Large-diameter DDW",2,5
"zmean",0,0,"Large-diameter DDW",2,5
"Percent.Below.30th.Quantile",0.160314334914418,0.160314334914418,"Large-diameter DDW",3,1
"lad_max",0.146062830591225,0.146062830591225,"Large-diameter DDW",3,1
"lad_mean",0.119327794848819,0.119327794848819,"Large-diameter DDW",3,1
"Ny_mean",0.114539928326888,0.114539928326888,"Large-diameter DDW",3,1
"Percent.Below.40th.Quantile",0.108514005324267,0.108514005324267,"Large-diameter DDW",3,1
"lad_sum",0.107497685498317,0.107497685498317,"Large-diameter DDW",3,1
"Percent.Below.20th.Quantile",0.0989512955802682,0.0989512955802682,"Large-diameter DDW",3,1
"PCA1_mean",0.0839005831345682,0.0839005831345682,"Large-diameter DDW",3,1
"Oligophotic",-0.080051316822306,0.080051316822306,"Large-diameter DDW",3,1
"PCA2_mean",0.078166488842488,0.078166488842488,"Large-diameter DDW",3,1
"PC_Density_m3",0,0,"Large-diameter DDW",3,2
"cHull_vol",0,0,"Large-diameter DDW",3,2
"Alpha_Vol_m3",0,0,"Large-diameter DDW",3,2
"horizontalRumpel",0,0,"Large-diameter DDW",3,2
"mean_vox_ht",0,0,"Large-diameter DDW",3,2
"sd_vox_ht",0,0,"Large-diameter DDW",3,2
"zmax",0,0,"Large-diameter DDW",3,2
"zmean",0,0,"Large-diameter DDW",3,2
"zsd",0,0,"Large-diameter DDW",3,2
"zskew",0,0,"Large-diameter DDW",3,2
"PC_Density_m3",0,0,"Large-diameter DDW",3,3
"cHull_vol",0,0,"Large-diameter DDW",3,3
"Alpha_Vol_m3",0,0,"Large-diameter DDW",3,3
"horizontalRumpel",0,0,"Large-diameter DDW",3,3
"mean_vox_ht",0,0,"Large-diameter DDW",3,3
"sd_vox_ht",0,0,"Large-diameter DDW",3,3
"zmax",0,0,"Large-diameter DDW",3,3
"zmean",0,0,"Large-diameter DDW",3,3
"zsd",0,0,"Large-diameter DDW",3,3
"zskew",0,0,"Large-diameter DDW",3,3
"Percent.Below.30th.Quantile",0.412911427708076,0.412911427708076,"Large-diameter DDW",3,4
"lad_max",0.298115924840618,0.298115924840618,"Large-diameter DDW",3,4
"lad_mean",0.136317916556557,0.136317916556557,"Large-diameter DDW",3,4
"Ny_mean",0.117707619259034,0.117707619259034,"Large-diameter DDW",3,4
"Linearity_mean",0.0769252531530144,0.0769252531530144,"Large-diameter DDW",3,4
"Percent.Below.40th.Quantile",0.0728398854633909,0.0728398854633909,"Large-diameter DDW",3,4
"Percent.Below.20th.Quantile",0.0702118829729309,0.0702118829729309,"Large-diameter DDW",3,4
"PCA1_mean",0.0612305785112393,0.0612305785112393,"Large-diameter DDW",3,4
"Oligophotic",-0.0352666999449849,0.0352666999449849,"Large-diameter DDW",3,4
"PCA2_mean",0.015087898268175,0.015087898268175,"Large-diameter DDW",3,4
"PC_Density_m3",0,0,"Large-diameter DDW",3,5
"cHull_vol",0,0,"Large-diameter DDW",3,5
"Alpha_Vol_m3",0,0,"Large-diameter DDW",3,5
"horizontalRumpel",0,0,"Large-diameter DDW",3,5
"mean_vox_ht",0,0,"Large-diameter DDW",3,5
"sd_vox_ht",0,0,"Large-diameter DDW",3,5
"zmax",0,0,"Large-diameter DDW",3,5
"zmean",0,0,"Large-diameter DDW",3,5
"zsd",0,0,"Large-diameter DDW",3,5
"zskew",0,0,"Large-diameter DDW",3,5
"PC_Density_m3",0,0,"Large-diameter DDW",4,1
"cHull_vol",0,0,"Large-diameter DDW",4,1
"Alpha_Vol_m3",0,0,"Large-diameter DDW",4,1
"horizontalRumpel",0,0,"Large-diameter DDW",4,1
"mean_vox_ht",0,0,"Large-diameter DDW",4,1
"sd_vox_ht",0,0,"Large-diameter DDW",4,1
"zmax",0,0,"Large-diameter DDW",4,1
"zmean",0,0,"Large-diameter DDW",4,1
"zsd",0,0,"Large-diameter DDW",4,1
"zskew",0,0,"Large-diameter DDW",4,1
"lad_max",0.0173628405402502,0.0173628405402502,"Large-diameter DDW",4,2
"Percent.Below.30th.Quantile",0.0155431538985148,0.0155431538985148,"Large-diameter DDW",4,2
"lad_mean",0.0140401542703517,0.0140401542703517,"Large-diameter DDW",4,2
"Percent.Below.40th.Quantile",0.0140223693891302,0.0140223693891302,"Large-diameter DDW",4,2
"lad_sum",0.0132069842383155,0.0132069842383155,"Large-diameter DDW",4,2
"PCA1_mean",0.0115513822071939,0.0115513822071939,"Large-diameter DDW",4,2
"Ny_mean",0.0102287184707209,0.0102287184707209,"Large-diameter DDW",4,2
"Percent.Below.20th.Quantile",0.0094324804800647,0.0094324804800647,"Large-diameter DDW",4,2
"ipcumzq90",0.00909741950563917,0.00909741950563917,"Large-diameter DDW",4,2
"ipcumzq70",0.00778443683585178,0.00778443683585178,"Large-diameter DDW",4,2
"Percent.Below.30th.Quantile",0.0660685832875515,0.0660685832875515,"Large-diameter DDW",4,3
"lad_max",0.063226657182189,0.063226657182189,"Large-diameter DDW",4,3
"lad_mean",0.0527298550912054,0.0527298550912054,"Large-diameter DDW",4,3
"Ny_mean",0.0509141577031191,0.0509141577031191,"Large-diameter DDW",4,3
"Percent.Below.40th.Quantile",0.0473786565682313,0.0473786565682313,"Large-diameter DDW",4,3
"lad_sum",0.0472278233368382,0.0472278233368382,"Large-diameter DDW",4,3
"Percent.Below.20th.Quantile",0.0417445708654966,0.0417445708654966,"Large-diameter DDW",4,3
"PCA1_mean",0.0381050530524325,0.0381050530524325,"Large-diameter DDW",4,3
"PCA2_mean",0.0345825836007303,0.0345825836007303,"Large-diameter DDW",4,3
"Percent.Below.10th.Quantile",-0.0311566717915157,0.0311566717915157,"Large-diameter DDW",4,3
"PC_Density_m3",0,0,"Large-diameter DDW",4,4
"cHull_vol",0,0,"Large-diameter DDW",4,4
"Alpha_Vol_m3",0,0,"Large-diameter DDW",4,4
"horizontalRumpel",0,0,"Large-diameter DDW",4,4
"mean_vox_ht",0,0,"Large-diameter DDW",4,4
"sd_vox_ht",0,0,"Large-diameter DDW",4,4
"zmax",0,0,"Large-diameter DDW",4,4
"zmean",0,0,"Large-diameter DDW",4,4
"zsd",0,0,"Large-diameter DDW",4,4
"zskew",0,0,"Large-diameter DDW",4,4
"Percent.Below.30th.Quantile",0.0281471943532472,0.0281471943532472,"Large-diameter DDW",4,5
"lad_max",0.0263671794040308,0.0263671794040308,"Large-diameter DDW",4,5
"lad_mean",0.0227974420195326,0.0227974420195326,"Large-diameter DDW",4,5
"lad_sum",0.020325718744097,0.020325718744097,"Large-diameter DDW",4,5
"Ny_mean",0.0197705611018649,0.0197705611018649,"Large-diameter DDW",4,5
"Percent.Below.40th.Quantile",0.019647952300188,0.019647952300188,"Large-diameter DDW",4,5
"Percent.Below.20th.Quantile",0.0189844427458188,0.0189844427458188,"Large-diameter DDW",4,5
"Linearity_mean",0.0142849577373668,0.0142849577373668,"Large-diameter DDW",4,5
"Percent.Below.10th.Quantile",-0.014107610412766,0.014107610412766,"Large-diameter DDW",4,5
"PCA1_mean",0.0136134736682169,0.0136134736682169,"Large-diameter DDW",4,5
"lad_max",0.384109078086296,0.384109078086296,"Large-diameter DDW",5,1
"lad_mean",0.305112945916105,0.305112945916105,"Large-diameter DDW",5,1
"lad_sum",0.301422931862023,0.301422931862023,"Large-diameter DDW",5,1
"Percent.Below.30th.Quantile",0.28446205399321,0.28446205399321,"Large-diameter DDW",5,1
"Ny_mean",0.240066589214135,0.240066589214135,"Large-diameter DDW",5,1
"Percent.Below.40th.Quantile",0.206774198939162,0.206774198939162,"Large-diameter DDW",5,1
"PCA1_mean",0.192637728507711,0.192637728507711,"Large-diameter DDW",5,1
"PCA2_mean",0.156807519412798,0.156807519412798,"Large-diameter DDW",5,1
"Oligophotic",-0.147789387511257,0.147789387511257,"Large-diameter DDW",5,1
"Percent.Below.20th.Quantile",0.146623630440423,0.146623630440423,"Large-diameter DDW",5,1
"PC_Density_m3",0,0,"Large-diameter DDW",5,2
"cHull_vol",0,0,"Large-diameter DDW",5,2
"Alpha_Vol_m3",0,0,"Large-diameter DDW",5,2
"horizontalRumpel",0,0,"Large-diameter DDW",5,2
"mean_vox_ht",0,0,"Large-diameter DDW",5,2
"sd_vox_ht",0,0,"Large-diameter DDW",5,2
"zmax",0,0,"Large-diameter DDW",5,2
"zmean",0,0,"Large-diameter DDW",5,2
"zsd",0,0,"Large-diameter DDW",5,2
"zskew",0,0,"Large-diameter DDW",5,2
"lad_max",0.0269585988304111,0.0269585988304111,"Large-diameter DDW",5,3
"Percent.Below.30th.Quantile",0.0265558897901221,0.0265558897901221,"Large-diameter DDW",5,3
"lad_mean",0.0227602976544816,0.0227602976544816,"Large-diameter DDW",5,3
"Ny_mean",0.0209618788241121,0.0209618788241121,"Large-diameter DDW",5,3
"lad_sum",0.0207691942187042,0.0207691942187042,"Large-diameter DDW",5,3
"Percent.Below.40th.Quantile",0.0196783125654299,0.0196783125654299,"Large-diameter DDW",5,3
"Percent.Below.20th.Quantile",0.0193564534057747,0.0193564534057747,"Large-diameter DDW",5,3
"Linearity_mean",0.0149357846605206,0.0149357846605206,"Large-diameter DDW",5,3
"PCA1_mean",0.0140672719698144,0.0140672719698144,"Large-diameter DDW",5,3
"Percent.Below.10th.Quantile",-0.0137080935685834,0.0137080935685834,"Large-diameter DDW",5,3
"Percent.Below.30th.Quantile",0.110662415728458,0.110662415728458,"Large-diameter DDW",5,4
"lad_max",0.105546627329246,0.105546627329246,"Large-diameter DDW",5,4
"lad_mean",0.00834259438400027,0.00834259438400027,"Large-diameter DDW",5,4
"PC_Density_m3",0,0,"Large-diameter DDW",5,4
"cHull_vol",0,0,"Large-diameter DDW",5,4
"Alpha_Vol_m3",0,0,"Large-diameter DDW",5,4
"horizontalRumpel",0,0,"Large-diameter DDW",5,4
"mean_vox_ht",0,0,"Large-diameter DDW",5,4
"sd_vox_ht",0,0,"Large-diameter DDW",5,4
"zmax",0,0,"Large-diameter DDW",5,4
"lad_max",0.019955396261144,0.019955396261144,"Large-diameter DDW",5,5
"Percent.Below.30th.Quantile",0.0187966196839331,0.0187966196839331,"Large-diameter DDW",5,5
"Percent.Below.40th.Quantile",0.0172985064747155,0.0172985064747155,"Large-diameter DDW",5,5
"lad_mean",0.0158900224966534,0.0158900224966534,"Large-diameter DDW",5,5
"lad_sum",0.0154315950987352,0.0154315950987352,"Large-diameter DDW",5,5
"Ny_mean",0.0129771834432847,0.0129771834432847,"Large-diameter DDW",5,5
"PCA1_mean",0.0127970930000641,0.0127970930000641,"Large-diameter DDW",5,5
"ipcumzq90",0.0113938170255353,0.0113938170255353,"Large-diameter DDW",5,5
"Percent.Below.20th.Quantile",0.0105667462284967,0.0105667462284967,"Large-diameter DDW",5,5
"ipcumzq70",0.00890335299636207,0.00890335299636207,"Large-diameter DDW",5,5
"PC_Density_m3",0,0,"Large-diameter DDW",6,1
"cHull_vol",0,0,"Large-diameter DDW",6,1
"Alpha_Vol_m3",0,0,"Large-diameter DDW",6,1
"horizontalRumpel",0,0,"Large-diameter DDW",6,1
"mean_vox_ht",0,0,"Large-diameter DDW",6,1
"sd_vox_ht",0,0,"Large-diameter DDW",6,1
"zmax",0,0,"Large-diameter DDW",6,1
"zmean",0,0,"Large-diameter DDW",6,1
"zsd",0,0,"Large-diameter DDW",6,1
"zskew",0,0,"Large-diameter DDW",6,1
"PC_Density_m3",0,0,"Large-diameter DDW",6,2
"cHull_vol",0,0,"Large-diameter DDW",6,2
"Alpha_Vol_m3",0,0,"Large-diameter DDW",6,2
"horizontalRumpel",0,0,"Large-diameter DDW",6,2
"mean_vox_ht",0,0,"Large-diameter DDW",6,2
"sd_vox_ht",0,0,"Large-diameter DDW",6,2
"zmax",0,0,"Large-diameter DDW",6,2
"zmean",0,0,"Large-diameter DDW",6,2
"zsd",0,0,"Large-diameter DDW",6,2
"zskew",0,0,"Large-diameter DDW",6,2
"PC_Density_m3",0,0,"Large-diameter DDW",6,3
"cHull_vol",0,0,"Large-diameter DDW",6,3
"Alpha_Vol_m3",0,0,"Large-diameter DDW",6,3
"horizontalRumpel",0,0,"Large-diameter DDW",6,3
"mean_vox_ht",0,0,"Large-diameter DDW",6,3
"sd_vox_ht",0,0,"Large-diameter DDW",6,3
"zmax",0,0,"Large-diameter DDW",6,3
"zmean",0,0,"Large-diameter DDW",6,3
"zsd",0,0,"Large-diameter DDW",6,3
"zskew",0,0,"Large-diameter DDW",6,3
"PC_Density_m3",0,0,"Large-diameter DDW",6,4
"cHull_vol",0,0,"Large-diameter DDW",6,4
"Alpha_Vol_m3",0,0,"Large-diameter DDW",6,4
"horizontalRumpel",0,0,"Large-diameter DDW",6,4
"mean_vox_ht",0,0,"Large-diameter DDW",6,4
"sd_vox_ht",0,0,"Large-diameter DDW",6,4
"zmax",0,0,"Large-diameter DDW",6,4
"zmean",0,0,"Large-diameter DDW",6,4
"zsd",0,0,"Large-diameter DDW",6,4
"zskew",0,0,"Large-diameter DDW",6,4
"PC_Density_m3",0,0,"Large-diameter DDW",6,5
"cHull_vol",0,0,"Large-diameter DDW",6,5
"Alpha_Vol_m3",0,0,"Large-diameter DDW",6,5
"horizontalRumpel",0,0,"Large-diameter DDW",6,5
"mean_vox_ht",0,0,"Large-diameter DDW",6,5
"sd_vox_ht",0,0,"Large-diameter DDW",6,5
"zmax",0,0,"Large-diameter DDW",6,5
"zmean",0,0,"Large-diameter DDW",6,5
"zsd",0,0,"Large-diameter DDW",6,5
"zskew",0,0,"Large-diameter DDW",6,5
"PC_Density_m3",0,0,"Large-diameter DDW",7,1
"cHull_vol",0,0,"Large-diameter DDW",7,1
"Alpha_Vol_m3",0,0,"Large-diameter DDW",7,1
"horizontalRumpel",0,0,"Large-diameter DDW",7,1
"mean_vox_ht",0,0,"Large-diameter DDW",7,1
"sd_vox_ht",0,0,"Large-diameter DDW",7,1
"zmax",0,0,"Large-diameter DDW",7,1
"zmean",0,0,"Large-diameter DDW",7,1
"zsd",0,0,"Large-diameter DDW",7,1
"zskew",0,0,"Large-diameter DDW",7,1
"PC_Density_m3",0,0,"Large-diameter DDW",7,2
"cHull_vol",0,0,"Large-diameter DDW",7,2
"Alpha_Vol_m3",0,0,"Large-diameter DDW",7,2
"horizontalRumpel",0,0,"Large-diameter DDW",7,2
"mean_vox_ht",0,0,"Large-diameter DDW",7,2
"sd_vox_ht",0,0,"Large-diameter DDW",7,2
"zmax",0,0,"Large-diameter DDW",7,2
"zmean",0,0,"Large-diameter DDW",7,2
"zsd",0,0,"Large-diameter DDW",7,2
"zskew",0,0,"Large-diameter DDW",7,2
"PC_Density_m3",0,0,"Large-diameter DDW",7,3
"cHull_vol",0,0,"Large-diameter DDW",7,3
"Alpha_Vol_m3",0,0,"Large-diameter DDW",7,3
"horizontalRumpel",0,0,"Large-diameter DDW",7,3
"mean_vox_ht",0,0,"Large-diameter DDW",7,3
"sd_vox_ht",0,0,"Large-diameter DDW",7,3
"zmax",0,0,"Large-diameter DDW",7,3
"zmean",0,0,"Large-diameter DDW",7,3
"zsd",0,0,"Large-diameter DDW",7,3
"zskew",0,0,"Large-diameter DDW",7,3
"PC_Density_m3",0,0,"Large-diameter DDW",7,4
"cHull_vol",0,0,"Large-diameter DDW",7,4
"Alpha_Vol_m3",0,0,"Large-diameter DDW",7,4
"horizontalRumpel",0,0,"Large-diameter DDW",7,4
"mean_vox_ht",0,0,"Large-diameter DDW",7,4
"sd_vox_ht",0,0,"Large-diameter DDW",7,4
"zmax",0,0,"Large-diameter DDW",7,4
"zmean",0,0,"Large-diameter DDW",7,4
"zsd",0,0,"Large-diameter DDW",7,4
"zskew",0,0,"Large-diameter DDW",7,4
"PC_Density_m3",0,0,"Large-diameter DDW",7,5
"cHull_vol",0,0,"Large-diameter DDW",7,5
"Alpha_Vol_m3",0,0,"Large-diameter DDW",7,5
"horizontalRumpel",0,0,"Large-diameter DDW",7,5
"mean_vox_ht",0,0,"Large-diameter DDW",7,5
"sd_vox_ht",0,0,"Large-diameter DDW",7,5
"zmax",0,0,"Large-diameter DDW",7,5
"zmean",0,0,"Large-diameter DDW",7,5
"zsd",0,0,"Large-diameter DDW",7,5
"zskew",0,0,"Large-diameter DDW",7,5
"lad_max",0.079642149690165,0.079642149690165,"Large-diameter DDW",8,1
"Percent.Below.30th.Quantile",0.0724677114015987,0.0724677114015987,"Large-diameter DDW",8,1
"lad_mean",0.0665712163135351,0.0665712163135351,"Large-diameter DDW",8,1
"lad_sum",0.0620263306590882,0.0620263306590882,"Large-diameter DDW",8,1
"Ny_mean",0.0581187481286446,0.0581187481286446,"Large-diameter DDW",8,1
"Percent.Below.40th.Quantile",0.0492575476361837,0.0492575476361837,"Large-diameter DDW",8,1
"Percent.Below.20th.Quantile",0.0479622798507989,0.0479622798507989,"Large-diameter DDW",8,1
"PCA1_mean",0.0381677029964056,0.0381677029964056,"Large-diameter DDW",8,1
"Percent.Below.10th.Quantile",-0.0355546728610886,0.0355546728610886,"Large-diameter DDW",8,1
"PCA2_mean",0.0354539876323364,0.0354539876323364,"Large-diameter DDW",8,1
"PC_Density_m3",0,0,"Large-diameter DDW",8,2
"cHull_vol",0,0,"Large-diameter DDW",8,2
"Alpha_Vol_m3",0,0,"Large-diameter DDW",8,2
"horizontalRumpel",0,0,"Large-diameter DDW",8,2
"mean_vox_ht",0,0,"Large-diameter DDW",8,2
"sd_vox_ht",0,0,"Large-diameter DDW",8,2
"zmax",0,0,"Large-diameter DDW",8,2
"zmean",0,0,"Large-diameter DDW",8,2
"zsd",0,0,"Large-diameter DDW",8,2
"zskew",0,0,"Large-diameter DDW",8,2
"PC_Density_m3",0,0,"Large-diameter DDW",8,3
"cHull_vol",0,0,"Large-diameter DDW",8,3
"Alpha_Vol_m3",0,0,"Large-diameter DDW",8,3
"horizontalRumpel",0,0,"Large-diameter DDW",8,3
"mean_vox_ht",0,0,"Large-diameter DDW",8,3
"sd_vox_ht",0,0,"Large-diameter DDW",8,3
"zmax",0,0,"Large-diameter DDW",8,3
"zmean",0,0,"Large-diameter DDW",8,3
"zsd",0,0,"Large-diameter DDW",8,3
"zskew",0,0,"Large-diameter DDW",8,3
"Percent.Below.30th.Quantile",0.0494563839238048,0.0494563839238048,"Large-diameter DDW",8,4
"lad_max",0.0478603598337239,0.0478603598337239,"Large-diameter DDW",8,4
"lad_mean",0.0414577715112262,0.0414577715112262,"Large-diameter DDW",8,4
"lad_sum",0.0362948195743853,0.0362948195743853,"Large-diameter DDW",8,4
"Percent.Below.40th.Quantile",0.0352718802503299,0.0352718802503299,"Large-diameter DDW",8,4
"Ny_mean",0.0336078832089414,0.0336078832089414,"Large-diameter DDW",8,4
"Percent.Below.20th.Quantile",0.0317278278698812,0.0317278278698812,"Large-diameter DDW",8,4
"PCA1_mean",0.0257213696087805,0.0257213696087805,"Large-diameter DDW",8,4
"Percent.Below.10th.Quantile",-0.0236658218989071,0.0236658218989071,"Large-diameter DDW",8,4
"PCA2_mean",0.022704670505883,0.022704670505883,"Large-diameter DDW",8,4
"Percent.Below.30th.Quantile",0.0157633468799824,0.0157633468799824,"Large-diameter DDW",8,5
"lad_max",0.0150596303735195,0.0150596303735195,"Large-diameter DDW",8,5
"Percent.Below.40th.Quantile",0.0142199088859864,0.0142199088859864,"Large-diameter DDW",8,5
"PCA1_mean",0.01296754122922,0.01296754122922,"Large-diameter DDW",8,5
"lad_mean",0.0118168228055435,0.0118168228055435,"Large-diameter DDW",8,5
"lad_sum",0.0113211873891698,0.0113211873891698,"Large-diameter DDW",8,5
"Ny_mean",0.0105995495750501,0.0105995495750501,"Large-diameter DDW",8,5
"ipcumzq90",0.00974228112956878,0.00974228112956878,"Large-diameter DDW",8,5
"Percent.Below.20th.Quantile",0.00885613739141062,0.00885613739141062,"Large-diameter DDW",8,5
"PCA2_mean",0.00834179503769988,0.00834179503769988,"Large-diameter DDW",8,5
"PC_Density_m3",0,0,"Large-diameter DDW",9,1
"cHull_vol",0,0,"Large-diameter DDW",9,1
"Alpha_Vol_m3",0,0,"Large-diameter DDW",9,1
"horizontalRumpel",0,0,"Large-diameter DDW",9,1
"mean_vox_ht",0,0,"Large-diameter DDW",9,1
"sd_vox_ht",0,0,"Large-diameter DDW",9,1
"zmax",0,0,"Large-diameter DDW",9,1
"zmean",0,0,"Large-diameter DDW",9,1
"zsd",0,0,"Large-diameter DDW",9,1
"zskew",0,0,"Large-diameter DDW",9,1
"Percent.Below.30th.Quantile",0.0280216000240846,0.0280216000240846,"Large-diameter DDW",9,2
"lad_max",0.0276392402129085,0.0276392402129085,"Large-diameter DDW",9,2
"lad_mean",0.024281826502837,0.024281826502837,"Large-diameter DDW",9,2
"lad_sum",0.0212962256010261,0.0212962256010261,"Large-diameter DDW",9,2
"Percent.Below.40th.Quantile",0.0209619378448155,0.0209619378448155,"Large-diameter DDW",9,2
"Ny_mean",0.0199967215747663,0.0199967215747663,"Large-diameter DDW",9,2
"Percent.Below.20th.Quantile",0.0192425313600372,0.0192425313600372,"Large-diameter DDW",9,2
"Percent.Below.10th.Quantile",-0.0142062553233973,0.0142062553233973,"Large-diameter DDW",9,2
"PCA1_mean",0.0139356176287546,0.0139356176287546,"Large-diameter DDW",9,2
"zpcum1",-0.0131233116946021,0.0131233116946021,"Large-diameter DDW",9,2
"Percent.Below.30th.Quantile",0.20618656118047,0.20618656118047,"Large-diameter DDW",9,3
"lad_max",0.196356732807875,0.196356732807875,"Large-diameter DDW",9,3
"PC_Density_m3",0,0,"Large-diameter DDW",9,3
"cHull_vol",0,0,"Large-diameter DDW",9,3
"Alpha_Vol_m3",0,0,"Large-diameter DDW",9,3
"horizontalRumpel",0,0,"Large-diameter DDW",9,3
"mean_vox_ht",0,0,"Large-diameter DDW",9,3
"sd_vox_ht",0,0,"Large-diameter DDW",9,3
"zmax",0,0,"Large-diameter DDW",9,3
"zmean",0,0,"Large-diameter DDW",9,3
"PC_Density_m3",0,0,"Large-diameter DDW",9,4
"cHull_vol",0,0,"Large-diameter DDW",9,4
"Alpha_Vol_m3",0,0,"Large-diameter DDW",9,4
"horizontalRumpel",0,0,"Large-diameter DDW",9,4
"mean_vox_ht",0,0,"Large-diameter DDW",9,4
"sd_vox_ht",0,0,"Large-diameter DDW",9,4
"zmax",0,0,"Large-diameter DDW",9,4
"zmean",0,0,"Large-diameter DDW",9,4
"zsd",0,0,"Large-diameter DDW",9,4
"zskew",0,0,"Large-diameter DDW",9,4
"PC_Density_m3",0,0,"Large-diameter DDW",9,5
"cHull_vol",0,0,"Large-diameter DDW",9,5
"Alpha_Vol_m3",0,0,"Large-diameter DDW",9,5
"horizontalRumpel",0,0,"Large-diameter DDW",9,5
"mean_vox_ht",0,0,"Large-diameter DDW",9,5
"sd_vox_ht",0,0,"Large-diameter DDW",9,5
"zmax",0,0,"Large-diameter DDW",9,5
"zmean",0,0,"Large-diameter DDW",9,5
"zsd",0,0,"Large-diameter DDW",9,5
"zskew",0,0,"Large-diameter DDW",9,5
"PC_Density_m3",0,0,"Large-diameter DDW",10,1
"cHull_vol",0,0,"Large-diameter DDW",10,1
"Alpha_Vol_m3",0,0,"Large-diameter DDW",10,1
"horizontalRumpel",0,0,"Large-diameter DDW",10,1
"mean_vox_ht",0,0,"Large-diameter DDW",10,1
"sd_vox_ht",0,0,"Large-diameter DDW",10,1
"zmax",0,0,"Large-diameter DDW",10,1
"zmean",0,0,"Large-diameter DDW",10,1
"zsd",0,0,"Large-diameter DDW",10,1
"zskew",0,0,"Large-diameter DDW",10,1
"lad_max",0.00739974237448404,0.00739974237448404,"Large-diameter DDW",10,2
"Ny_mean",0.00672886428379088,0.00672886428379088,"Large-diameter DDW",10,2
"Total_PAD_RelZ0.30_0.50",0.0066874098671348,0.0066874098671348,"Large-diameter DDW",10,2
"Linearity_mean",0.00653851828575989,0.00653851828575989,"Large-diameter DDW",10,2
"lad_mean",0.00643570051145397,0.00643570051145397,"Large-diameter DDW",10,2
"Percent.Below.20th.Quantile",0.00641143106893781,0.00641143106893781,"Large-diameter DDW",10,2
"Percent.Below.30th.Quantile",0.00625323824676681,0.00625323824676681,"Large-diameter DDW",10,2
"lad_sum",0.00613132993641501,0.00613132993641501,"Large-diameter DDW",10,2
"eMedium_mean",-0.00564226670580706,0.00564226670580706,"Large-diameter DDW",10,2
"eSum_mean",-0.0055662362107174,0.0055662362107174,"Large-diameter DDW",10,2
"Percent.Below.30th.Quantile",0.0809560436771719,0.0809560436771719,"Large-diameter DDW",10,3
"lad_max",0.0741695598321857,0.0741695598321857,"Large-diameter DDW",10,3
"lad_mean",0.0641008928256399,0.0641008928256399,"Large-diameter DDW",10,3
"Percent.Below.40th.Quantile",0.0561305427246098,0.0561305427246098,"Large-diameter DDW",10,3
"lad_sum",0.0548902424831021,0.0548902424831021,"Large-diameter DDW",10,3
"Percent.Below.20th.Quantile",0.0540988377823176,0.0540988377823176,"Large-diameter DDW",10,3
"Ny_mean",0.0495644365793154,0.0495644365793154,"Large-diameter DDW",10,3
"Percent.Below.10th.Quantile",-0.0377220139128241,0.0377220139128241,"Large-diameter DDW",10,3
"zpcum1",-0.0343264226366654,0.0343264226366654,"Large-diameter DDW",10,3
"PCA1_mean",0.034269343181687,0.034269343181687,"Large-diameter DDW",10,3
"lad_max",0.73362235564085,0.73362235564085,"Large-diameter DDW",10,4
"Percent.Below.30th.Quantile",0.599622578684418,0.599622578684418,"Large-diameter DDW",10,4
"Ny_mean",0.152361490205954,0.152361490205954,"Large-diameter DDW",10,4
"Oligophotic",-0.130197405296885,0.130197405296885,"Large-diameter DDW",10,4
"PCA2_mean",0.016602071013174,0.016602071013174,"Large-diameter DDW",10,4
"PC_Density_m3",0,0,"Large-diameter DDW",10,4
"cHull_vol",0,0,"Large-diameter DDW",10,4
"Alpha_Vol_m3",0,0,"Large-diameter DDW",10,4
"horizontalRumpel",0,0,"Large-diameter DDW",10,4
"mean_vox_ht",0,0,"Large-diameter DDW",10,4
"PC_Density_m3",0,0,"Large-diameter DDW",10,5
"cHull_vol",0,0,"Large-diameter DDW",10,5
"Alpha_Vol_m3",0,0,"Large-diameter DDW",10,5
"horizontalRumpel",0,0,"Large-diameter DDW",10,5
"mean_vox_ht",0,0,"Large-diameter DDW",10,5
"sd_vox_ht",0,0,"Large-diameter DDW",10,5
"zmax",0,0,"Large-diameter DDW",10,5
"zmean",0,0,"Large-diameter DDW",10,5
"zsd",0,0,"Large-diameter DDW",10,5
"zskew",0,0,"Large-diameter DDW",10,5
"Kurt_PropOcc_RelZ1.05_2.00",-0.0611645612372643,0.0611645612372643,"Fine dead surface fuels",1,1
"Anisotropy_sd",-0.0555055490433863,0.0555055490433863,"Fine dead surface fuels",1,1
"Omnivariance_sd",-0.0509993611489824,0.0509993611489824,"Fine dead surface fuels",1,1
"Percent.Below.20th.Quantile",-0.0362177888345495,0.0362177888345495,"Fine dead surface fuels",1,1
"ipcumzq50",0.0261054252682741,0.0261054252682741,"Fine dead surface fuels",1,1
"zq55",0.0141965221611945,0.0141965221611945,"Fine dead surface fuels",1,1
"PC_Strata_1.00.2.00",0.0133591674790881,0.0133591674790881,"Fine dead surface fuels",1,1
"Total_PAD_FullROI",0.0106090786862661,0.0106090786862661,"Fine dead surface fuels",1,1
"Sphericity_sd",-0.00875529901485977,0.00875529901485977,"Fine dead surface fuels",1,1
"zsd",0.00491699005571127,0.00491699005571127,"Fine dead surface fuels",1,1
"Percent.Below.20th.Quantile",-0.00427821173675298,0.00427821173675298,"Fine dead surface fuels",1,2
"Total_PAD_FullROI",0.00427306526459333,0.00427306526459333,"Fine dead surface fuels",1,2
"Eigentropy_sd",-0.00414352125946467,0.00414352125946467,"Fine dead surface fuels",1,2
"Omnivariance_sd",-0.00390731639068812,0.00390731639068812,"Fine dead surface fuels",1,2
"Percent.Below.30th.Quantile",-0.00360778935845336,0.00360778935845336,"Fine dead surface fuels",1,2
"Planarity_sd",0.00358757820466788,0.00358757820466788,"Fine dead surface fuels",1,2
"NormalChangeRate_sd",0.00357000044432472,0.00357000044432472,"Fine dead surface fuels",1,2
"Kurt_PropOcc_RelZ1.05_2.00",-0.00353238308557809,0.00353238308557809,"Fine dead surface fuels",1,2
"Anisotropy_sd",-0.00342062571253185,0.00342062571253185,"Fine dead surface fuels",1,2
"Mean_PAD_FullROI",0.00329614291113129,0.00329614291113129,"Fine dead surface fuels",1,2
"Anisotropy_mean",0.0112523656517545,0.0112523656517545,"Fine dead surface fuels",1,3
"PC_Density_m3",0,0,"Fine dead surface fuels",1,3
"cHull_vol",0,0,"Fine dead surface fuels",1,3
"Alpha_Vol_m3",0,0,"Fine dead surface fuels",1,3
"horizontalRumpel",0,0,"Fine dead surface fuels",1,3
"mean_vox_ht",0,0,"Fine dead surface fuels",1,3
"sd_vox_ht",0,0,"Fine dead surface fuels",1,3
"zmax",0,0,"Fine dead surface fuels",1,3
"zmean",0,0,"Fine dead surface fuels",1,3
"zsd",0,0,"Fine dead surface fuels",1,3
"Planarity_sd",0.0118950229156439,0.0118950229156439,"Fine dead surface fuels",1,4
"NormalChangeRate_sd",0.0118220307943831,0.0118220307943831,"Fine dead surface fuels",1,4
"Anisotropy_mean",0.0104140758247138,0.0104140758247138,"Fine dead surface fuels",1,4
"Percent.Below.20th.Quantile",-0.00495704452613787,0.00495704452613787,"Fine dead surface fuels",1,4
"eSmallest_mean",-0.000904739680235026,0.000904739680235026,"Fine dead surface fuels",1,4
"Sphericity_mean",-0.000551905992038558,0.000551905992038558,"Fine dead surface fuels",1,4
"PC_Density_m3",0,0,"Fine dead surface fuels",1,4
"cHull_vol",0,0,"Fine dead surface fuels",1,4
"Alpha_Vol_m3",0,0,"Fine dead surface fuels",1,4
"horizontalRumpel",0,0,"Fine dead surface fuels",1,4
"Percent.Below.20th.Quantile",-0.00019738837746744,0.00019738837746744,"Fine dead surface fuels",1,5
"Omnivariance_sd",-0.000189845744040528,0.000189845744040528,"Fine dead surface fuels",1,5
"Anisotropy_sd",-0.000180419576509546,0.000180419576509546,"Fine dead surface fuels",1,5
"Anisotropy_mean",0.000175725408772684,0.000175725408772684,"Fine dead surface fuels",1,5
"Planarity_sd",0.000170639398839384,0.000170639398839384,"Fine dead surface fuels",1,5
"NormalChangeRate_sd",0.00017063929885553,0.00017063929885553,"Fine dead surface fuels",1,5
"Percent.Below.30th.Quantile",-0.000168200396525896,0.000168200396525896,"Fine dead surface fuels",1,5
"Total_PAD_FullROI",0.000164900965724819,0.000164900965724819,"Fine dead surface fuels",1,5
"Sphericity_sd",-0.000164539563787006,0.000164539563787006,"Fine dead surface fuels",1,5
"eSmallest_sd",-0.000158142897221861,0.000158142897221861,"Fine dead surface fuels",1,5
"Omnivariance_sd",-0.034955519157663,0.034955519157663,"Fine dead surface fuels",2,1
"Anisotropy_sd",-0.0340622729324366,0.0340622729324366,"Fine dead surface fuels",2,1
"Percent.Below.20th.Quantile",-0.019232172350732,0.019232172350732,"Fine dead surface fuels",2,1
"PC_Strata_1.00.2.00",0.00454625359665921,0.00454625359665921,"Fine dead surface fuels",2,1
"Anisotropy_mean",0.00454329124379615,0.00454329124379615,"Fine dead surface fuels",2,1
"ipcumzq50",0.00305724519787346,0.00305724519787346,"Fine dead surface fuels",2,1
"PC_Density_m3",0,0,"Fine dead surface fuels",2,1
"cHull_vol",0,0,"Fine dead surface fuels",2,1
"Alpha_Vol_m3",0,0,"Fine dead surface fuels",2,1
"horizontalRumpel",0,0,"Fine dead surface fuels",2,1
"Percent.Below.20th.Quantile",-0.0026885490242977,0.0026885490242977,"Fine dead surface fuels",2,2
"Omnivariance_sd",-0.00238762293953804,0.00238762293953804,"Fine dead surface fuels",2,2
"Planarity_sd",0.00230196839066736,0.00230196839066736,"Fine dead surface fuels",2,2
"NormalChangeRate_sd",0.00230069033363184,0.00230069033363184,"Fine dead surface fuels",2,2
"Anisotropy_mean",0.00216797298077159,0.00216797298077159,"Fine dead surface fuels",2,2
"Percent.Below.30th.Quantile",-0.00211016087978414,0.00211016087978414,"Fine dead surface fuels",2,2
"Total_PAD_FullROI",0.00204600774447945,0.00204600774447945,"Fine dead surface fuels",2,2
"Sphericity_mean",-0.00202103197508643,0.00202103197508643,"Fine dead surface fuels",2,2
"PC_Strata_1.00.2.00",0.00200882916532425,0.00200882916532425,"Fine dead surface fuels",2,2
"eSmallest_mean",-0.00200112555058681,0.00200112555058681,"Fine dead surface fuels",2,2
"Planarity_sd",0.000154332180390883,0.000154332180390883,"Fine dead surface fuels",2,3
"NormalChangeRate_sd",0.000154332138562342,0.000154332138562342,"Fine dead surface fuels",2,3
"Percent.Below.20th.Quantile",-0.000151084748852444,0.000151084748852444,"Fine dead surface fuels",2,3
"Percent.Below.30th.Quantile",-0.00014053132800893,0.00014053132800893,"Fine dead surface fuels",2,3
"Anisotropy_mean",0.00013580782278985,0.00013580782278985,"Fine dead surface fuels",2,3
"Total_PAD_FullROI",0.000130603497745557,0.000130603497745557,"Fine dead surface fuels",2,3
"eMedium_sd",0.000128130607764594,0.000128130607764594,"Fine dead surface fuels",2,3
"Anisotropy_sd",-0.00012136990253011,0.00012136990253011,"Fine dead surface fuels",2,3
"Sphericity_mean",-0.000118180201871777,0.000118180201871777,"Fine dead surface fuels",2,3
"PCA2_mean",0.000116893686937128,0.000116893686937128,"Fine dead surface fuels",2,3
"PC_Density_m3",0,0,"Fine dead surface fuels",2,4
"cHull_vol",0,0,"Fine dead surface fuels",2,4
"Alpha_Vol_m3",0,0,"Fine dead surface fuels",2,4
"horizontalRumpel",0,0,"Fine dead surface fuels",2,4
"mean_vox_ht",0,0,"Fine dead surface fuels",2,4
"sd_vox_ht",0,0,"Fine dead surface fuels",2,4
"zmax",0,0,"Fine dead surface fuels",2,4
"zmean",0,0,"Fine dead surface fuels",2,4
"zsd",0,0,"Fine dead surface fuels",2,4
"zskew",0,0,"Fine dead surface fuels",2,4
"Omnivariance_sd",-0.0137639173074768,0.0137639173074768,"Fine dead surface fuels",2,5
"Anisotropy_sd",-0.00181951608850067,0.00181951608850067,"Fine dead surface fuels",2,5
"PC_Density_m3",0,0,"Fine dead surface fuels",2,5
"cHull_vol",0,0,"Fine dead surface fuels",2,5
"Alpha_Vol_m3",0,0,"Fine dead surface fuels",2,5
"horizontalRumpel",0,0,"Fine dead surface fuels",2,5
"mean_vox_ht",0,0,"Fine dead surface fuels",2,5
"sd_vox_ht",0,0,"Fine dead surface fuels",2,5
"zmax",0,0,"Fine dead surface fuels",2,5
"zmean",0,0,"Fine dead surface fuels",2,5
"Percent.Below.20th.Quantile",-0.0307258337361158,0.0307258337361158,"Fine dead surface fuels",3,1
"PC_Strata_1.00.2.00",0.0190236496364931,0.0190236496364931,"Fine dead surface fuels",3,1
"Eigentropy_sd",-0.0180526629171747,0.0180526629171747,"Fine dead surface fuels",3,1
"Anisotropy_sd",-0.0159399951501647,0.0159399951501647,"Fine dead surface fuels",3,1
"PC_Density_m3",0,0,"Fine dead surface fuels",3,1
"cHull_vol",0,0,"Fine dead surface fuels",3,1
"Alpha_Vol_m3",0,0,"Fine dead surface fuels",3,1
"horizontalRumpel",0,0,"Fine dead surface fuels",3,1
"mean_vox_ht",0,0,"Fine dead surface fuels",3,1
"sd_vox_ht",0,0,"Fine dead surface fuels",3,1
"Omnivariance_sd",-0.00071776878433088,0.00071776878433088,"Fine dead surface fuels",3,2
"Anisotropy_sd",-0.00063710540440517,0.00063710540440517,"Fine dead surface fuels",3,2
"Anisotropy_mean",0.000596194362076241,0.000596194362076241,"Fine dead surface fuels",3,2
"eSmallest_sd",-0.000591272093550069,0.000591272093550069,"Fine dead surface fuels",3,2
"Sphericity_sd",-0.000578485971959233,0.000578485971959233,"Fine dead surface fuels",3,2
"Nx_sd",-0.000574981365173112,0.000574981365173112,"Fine dead surface fuels",3,2
"Percent.Below.20th.Quantile",-0.000554836042517799,0.000554836042517799,"Fine dead surface fuels",3,2
"eSmallest_mean",-0.000551216769643815,0.000551216769643815,"Fine dead surface fuels",3,2
"Sphericity_mean",-0.000546772148176663,0.000546772148176663,"Fine dead surface fuels",3,2
"ChangeCurvature_mean",-0.000525793083074735,0.000525793083074735,"Fine dead surface fuels",3,2
"Omnivariance_sd",-0.00537099546299441,0.00537099546299441,"Fine dead surface fuels",3,3
"Anisotropy_sd",-0.00475172042991594,0.00475172042991594,"Fine dead surface fuels",3,3
"Percent.Below.20th.Quantile",-0.00470416389981176,0.00470416389981176,"Fine dead surface fuels",3,3
"Anisotropy_mean",0.0046726771102336,0.0046726771102336,"Fine dead surface fuels",3,3
"Percent.Below.30th.Quantile",-0.00462883869539399,0.00462883869539399,"Fine dead surface fuels",3,3
"Eigentropy_sd",-0.00453804222984531,0.00453804222984531,"Fine dead surface fuels",3,3
"Sphericity_mean",-0.0041178631638951,0.0041178631638951,"Fine dead surface fuels",3,3
"Curvature_mean",-0.00410725063487154,0.00410725063487154,"Fine dead surface fuels",3,3
"ChangeCurvature_mean",-0.00408907868276454,0.00408907868276454,"Fine dead surface fuels",3,3
"eSmallest_mean",-0.00399803161584999,0.00399803161584999,"Fine dead surface fuels",3,3
"Total_PAD_FullROI",0.000154459854663317,0.000154459854663317,"Fine dead surface fuels",3,4
"Percent.Below.20th.Quantile",-0.000150851197171721,0.000150851197171721,"Fine dead surface fuels",3,4
"Mean_PAD_FullROI",0.000129542703351519,0.000129542703351519,"Fine dead surface fuels",3,4
"Percent.Below.30th.Quantile",-0.000121406913637335,0.000121406913637335,"Fine dead surface fuels",3,4
"horizontalRumpel",0.000118685328778306,0.000118685328778306,"Fine dead surface fuels",3,4
"Planarity_sd",0.000115586805188423,0.000115586805188423,"Fine dead surface fuels",3,4
"NormalChangeRate_sd",0.000114926925940716,0.000114926925940716,"Fine dead surface fuels",3,4
"Anisotropy_mean",0.000110521960961138,0.000110521960961138,"Fine dead surface fuels",3,4
"X100th.Percent.Quantile",0.000107972370108963,0.000107972370108963,"Fine dead surface fuels",3,4
"zq85",0.000107732338943602,0.000107732338943602,"Fine dead surface fuels",3,4
"Planarity_sd",0.0266854004580072,0.0266854004580072,"Fine dead surface fuels",3,5
"NormalChangeRate_sd",0.0242327468861023,0.0242327468861023,"Fine dead surface fuels",3,5
"Omnivariance_sd",-0.00407920538858113,0.00407920538858113,"Fine dead surface fuels",3,5
"PC_Density_m3",0,0,"Fine dead surface fuels",3,5
"cHull_vol",0,0,"Fine dead surface fuels",3,5
"Alpha_Vol_m3",0,0,"Fine dead surface fuels",3,5
"horizontalRumpel",0,0,"Fine dead surface fuels",3,5
"mean_vox_ht",0,0,"Fine dead surface fuels",3,5
"sd_vox_ht",0,0,"Fine dead surface fuels",3,5
"zmax",0,0,"Fine dead surface fuels",3,5
"Percent.Below.20th.Quantile",-0.000174028890557913,0.000174028890557913,"Fine dead surface fuels",4,1
"Omnivariance_sd",-0.000153127874813012,0.000153127874813012,"Fine dead surface fuels",4,1
"Sphericity_sd",-0.000140247237551809,0.000140247237551809,"Fine dead surface fuels",4,1
"eSmallest_sd",-0.000139158253962218,0.000139158253962218,"Fine dead surface fuels",4,1
"Planarity_sd",0.000138604774695813,0.000138604774695813,"Fine dead surface fuels",4,1
"NormalChangeRate_sd",0.000138604773254297,0.000138604773254297,"Fine dead surface fuels",4,1
"Anisotropy_sd",-0.000135985536590866,0.000135985536590866,"Fine dead surface fuels",4,1
"Anisotropy_mean",0.000132519327128264,0.000132519327128264,"Fine dead surface fuels",4,1
"PC_Strata_1.00.2.00",0.000132161645528661,0.000132161645528661,"Fine dead surface fuels",4,1
"Kurt_PropOcc_RelZ1.05_2.00",-0.000129849377413931,0.000129849377413931,"Fine dead surface fuels",4,1
"Anisotropy_sd",-0.00174755568032243,0.00174755568032243,"Fine dead surface fuels",4,2
"PC_Strata_1.00.2.00",0.00174363953608696,0.00174363953608696,"Fine dead surface fuels",4,2
"Anisotropy_mean",0.00171749709173309,0.00171749709173309,"Fine dead surface fuels",4,2
"Planarity_sd",0.00162444983204303,0.00162444983204303,"Fine dead surface fuels",4,2
"NormalChangeRate_sd",0.00162443323701794,0.00162443323701794,"Fine dead surface fuels",4,2
"zq55",0.00160256402211163,0.00160256402211163,"Fine dead surface fuels",4,2
"Eigentropy_sd",-0.00155948761056658,0.00155948761056658,"Fine dead surface fuels",4,2
"eSmallest_mean",-0.00150477051423554,0.00150477051423554,"Fine dead surface fuels",4,2
"zq60",0.00150048402970219,0.00150048402970219,"Fine dead surface fuels",4,2
"Sphericity_mean",-0.00148715568073001,0.00148715568073001,"Fine dead surface fuels",4,2
"Percent.Below.20th.Quantile",-0.00262526777251212,0.00262526777251212,"Fine dead surface fuels",4,3
"Omnivariance_sd",-0.00256511833767896,0.00256511833767896,"Fine dead surface fuels",4,3
"Anisotropy_sd",-0.00225701159963083,0.00225701159963083,"Fine dead surface fuels",4,3
"Eigentropy_sd",-0.00221076983107657,0.00221076983107657,"Fine dead surface fuels",4,3
"Planarity_sd",0.00212207207585444,0.00212207207585444,"Fine dead surface fuels",4,3
"NormalChangeRate_sd",0.00212054332182774,0.00212054332182774,"Fine dead surface fuels",4,3
"Anisotropy_mean",0.00211492338853351,0.00211492338853351,"Fine dead surface fuels",4,3
"Total_PAD_FullROI",0.00192370889871494,0.00192370889871494,"Fine dead surface fuels",4,3
"Sphericity_mean",-0.00181718473944024,0.00181718473944024,"Fine dead surface fuels",4,3
"eSmallest_mean",-0.00179258061820664,0.00179258061820664,"Fine dead surface fuels",4,3
"Eigentropy_sd",-0.00128860881889419,0.00128860881889419,"Fine dead surface fuels",4,4
"Omnivariance_sd",-0.00127246675998026,0.00127246675998026,"Fine dead surface fuels",4,4
"Planarity_sd",0.00124642034562223,0.00124642034562223,"Fine dead surface fuels",4,4
"NormalChangeRate_sd",0.00124620947761693,0.00124620947761693,"Fine dead surface fuels",4,4
"Anisotropy_sd",-0.00121056728489173,0.00121056728489173,"Fine dead surface fuels",4,4
"Percent.Below.30th.Quantile",-0.00119835796608063,0.00119835796608063,"Fine dead surface fuels",4,4
"Anisotropy_mean",0.00112818008607087,0.00112818008607087,"Fine dead surface fuels",4,4
"Percent.Below.20th.Quantile",-0.00109152110596568,0.00109152110596568,"Fine dead surface fuels",4,4
"Total_PAD_FullROI",0.00106136406206417,0.00106136406206417,"Fine dead surface fuels",4,4
"Mean_PAD_FullROI",0.00101249217867492,0.00101249217867492,"Fine dead surface fuels",4,4
"Percent.Below.20th.Quantile",-0.00345824570869625,0.00345824570869625,"Fine dead surface fuels",4,5
"Omnivariance_sd",-0.00315295842557203,0.00315295842557203,"Fine dead surface fuels",4,5
"Anisotropy_sd",-0.00301798298458232,0.00301798298458232,"Fine dead surface fuels",4,5
"Anisotropy_mean",0.0029250346496507,0.0029250346496507,"Fine dead surface fuels",4,5
"Percent.Below.30th.Quantile",-0.00280214225584256,0.00280214225584256,"Fine dead surface fuels",4,5
"Eigentropy_sd",-0.00261609439855515,0.00261609439855515,"Fine dead surface fuels",4,5
"Sphericity_mean",-0.00261132985040054,0.00261132985040054,"Fine dead surface fuels",4,5
"Curvature_mean",-0.00255566009903316,0.00255566009903316,"Fine dead surface fuels",4,5
"ChangeCurvature_mean",-0.00254949127515448,0.00254949127515448,"Fine dead surface fuels",4,5
"eSmallest_mean",-0.00253366393473677,0.00253366393473677,"Fine dead surface fuels",4,5
"Percent.Below.30th.Quantile",-0.0312174003363812,0.0312174003363812,"Fine dead surface fuels",5,1
"Anisotropy_sd",-0.0179215453829485,0.0179215453829485,"Fine dead surface fuels",5,1
"Anisotropy_mean",0.0161336256883021,0.0161336256883021,"Fine dead surface fuels",5,1
"Percent.Below.20th.Quantile",-0.0156460504592593,0.0156460504592593,"Fine dead surface fuels",5,1
"Omnivariance_sd",-0.0129061446952388,0.0129061446952388,"Fine dead surface fuels",5,1
"PC_Density_m3",0,0,"Fine dead surface fuels",5,1
"cHull_vol",0,0,"Fine dead surface fuels",5,1
"Alpha_Vol_m3",0,0,"Fine dead surface fuels",5,1
"horizontalRumpel",0,0,"Fine dead surface fuels",5,1
"mean_vox_ht",0,0,"Fine dead surface fuels",5,1
"NormalChangeRate_sd",0.000202075054513548,0.000202075054513548,"Fine dead surface fuels",5,2
"Planarity_sd",0.000202075024292036,0.000202075024292036,"Fine dead surface fuels",5,2
"Percent.Below.20th.Quantile",-0.000180541877280265,0.000180541877280265,"Fine dead surface fuels",5,2
"Anisotropy_mean",0.00017749742849613,0.00017749742849613,"Fine dead surface fuels",5,2
"PC_Strata_1.00.2.00",0.000176730652643033,0.000176730652643033,"Fine dead surface fuels",5,2
"Total_PAD_FullROI",0.00017166215568951,0.00017166215568951,"Fine dead surface fuels",5,2
"Percent.Below.30th.Quantile",-0.000167438519092982,0.000167438519092982,"Fine dead surface fuels",5,2
"eSmallest_mean",-0.00016514036956841,0.00016514036956841,"Fine dead surface fuels",5,2
"Sphericity_mean",-0.000164986696466487,0.000164986696466487,"Fine dead surface fuels",5,2
"zpcum7",-0.000161390866613015,0.000161390866613015,"Fine dead surface fuels",5,2
"Anisotropy_sd",-0.000911068486592985,0.000911068486592985,"Fine dead surface fuels",5,3
"Omnivariance_sd",-0.000883765681680356,0.000883765681680356,"Fine dead surface fuels",5,3
"Eigentropy_sd",-0.000877203750472457,0.000877203750472457,"Fine dead surface fuels",5,3
"Anisotropy_mean",0.000867361133505206,0.000867361133505206,"Fine dead surface fuels",5,3
"ipcumzq70",0.000793597348486864,0.000793597348486864,"Fine dead surface fuels",5,3
"Sphericity_mean",-0.000750114529697038,0.000750114529697038,"Fine dead surface fuels",5,3
"PCA1_mean",-0.000741540404322609,0.000741540404322609,"Fine dead surface fuels",5,3
"eSmallest_mean",-0.000733610509720589,0.000733610509720589,"Fine dead surface fuels",5,3
"Curvature_mean",-0.000728420237595735,0.000728420237595735,"Fine dead surface fuels",5,3
"ChangeCurvature_mean",-0.000728347485821677,0.000728347485821677,"Fine dead surface fuels",5,3
"Omnivariance_sd",-0.00018490457065142,0.00018490457065142,"Fine dead surface fuels",5,4
"Percent.Below.20th.Quantile",-0.000179742522200798,0.000179742522200798,"Fine dead surface fuels",5,4
"Eigentropy_sd",-0.000157515031735943,0.000157515031735943,"Fine dead surface fuels",5,4
"Anisotropy_sd",-0.000139953782746575,0.000139953782746575,"Fine dead surface fuels",5,4
"Total_PAD_FullROI",0.000128405238781334,0.000128405238781334,"Fine dead surface fuels",5,4
"vzrumple",0.00012654650383618,0.00012654650383618,"Fine dead surface fuels",5,4
"Kurt_PropOcc_RelZ1.05_2.00",-0.00012282890712256,0.00012282890712256,"Fine dead surface fuels",5,4
"Planarity_sd",0.000119262096526603,0.000119262096526603,"Fine dead surface fuels",5,4
"NormalChangeRate_sd",0.000119261909078212,0.000119261909078212,"Fine dead surface fuels",5,4
"Anisotropy_mean",0.00011497951919994,0.00011497951919994,"Fine dead surface fuels",5,4
"Anisotropy_sd",-0.0524585692149706,0.0524585692149706,"Fine dead surface fuels",5,5
"Percent.Below.20th.Quantile",-0.0492907512944286,0.0492907512944286,"Fine dead surface fuels",5,5
"PC_Strata_1.00.2.00",0.00550126481968995,0.00550126481968995,"Fine dead surface fuels",5,5
"Anisotropy_mean",0.00427204633238014,0.00427204633238014,"Fine dead surface fuels",5,5
"Kurt_PropOcc_RelZ1.05_2.00",-5.15651885817509e-05,5.15651885817509e-05,"Fine dead surface fuels",5,5
"PC_Density_m3",0,0,"Fine dead surface fuels",5,5
"cHull_vol",0,0,"Fine dead surface fuels",5,5
"Alpha_Vol_m3",0,0,"Fine dead surface fuels",5,5
"horizontalRumpel",0,0,"Fine dead surface fuels",5,5
"mean_vox_ht",0,0,"Fine dead surface fuels",5,5
"Percent.Below.20th.Quantile",-0.0283953080164018,0.0283953080164018,"Fine dead surface fuels",6,1
"Omnivariance_sd",-0.0221805953602408,0.0221805953602408,"Fine dead surface fuels",6,1
"Anisotropy_sd",-0.0162147610136171,0.0162147610136171,"Fine dead surface fuels",6,1
"PC_Strata_1.00.2.00",0.0117079967387513,0.0117079967387513,"Fine dead surface fuels",6,1
"Anisotropy_mean",0.00978971369646577,0.00978971369646577,"Fine dead surface fuels",6,1
"Total_PAD_FullROI",0.00428902906024761,0.00428902906024761,"Fine dead surface fuels",6,1
"Percent.Below.30th.Quantile",-0.00189076892099836,0.00189076892099836,"Fine dead surface fuels",6,1
"eSmallest_sd",-0.000954442871825095,0.000954442871825095,"Fine dead surface fuels",6,1
"PC_Density_m3",0,0,"Fine dead surface fuels",6,1
"cHull_vol",0,0,"Fine dead surface fuels",6,1
"Omnivariance_sd",-0.00418545099798966,0.00418545099798966,"Fine dead surface fuels",6,2
"Percent.Below.20th.Quantile",-0.00413826429164972,0.00413826429164972,"Fine dead surface fuels",6,2
"Eigentropy_sd",-0.00411584246153454,0.00411584246153454,"Fine dead surface fuels",6,2
"Kurt_PropOcc_RelZ1.05_2.00",-0.00391748502199839,0.00391748502199839,"Fine dead surface fuels",6,2
"PCA2_mean",0.00325222054725546,0.00325222054725546,"Fine dead surface fuels",6,2
"Anisotropy_sd",-0.0032196638370883,0.0032196638370883,"Fine dead surface fuels",6,2
"Planarity_sd",0.00303772963259046,0.00303772963259046,"Fine dead surface fuels",6,2
"NormalChangeRate_sd",0.00302774415107525,0.00302774415107525,"Fine dead surface fuels",6,2
"Percent.Below.30th.Quantile",-0.0030009769234893,0.0030009769234893,"Fine dead surface fuels",6,2
"zq45",0.0028699679884829,0.0028699679884829,"Fine dead surface fuels",6,2
"Omnivariance_sd",-0.00239714826359313,0.00239714826359313,"Fine dead surface fuels",6,3
"Anisotropy_sd",-0.00232898267316104,0.00232898267316104,"Fine dead surface fuels",6,3
"Anisotropy_mean",0.00214165702547902,0.00214165702547902,"Fine dead surface fuels",6,3
"Sphericity_sd",-0.00201940315378134,0.00201940315378134,"Fine dead surface fuels",6,3
"eSmallest_sd",-0.00197723685529665,0.00197723685529665,"Fine dead surface fuels",6,3
"Sphericity_mean",-0.0019041957461923,0.0019041957461923,"Fine dead surface fuels",6,3
"Curvature_mean",-0.00186580148489555,0.00186580148489555,"Fine dead surface fuels",6,3
"eSmallest_mean",-0.00186543153094249,0.00186543153094249,"Fine dead surface fuels",6,3
"ChangeCurvature_mean",-0.00186523046811953,0.00186523046811953,"Fine dead surface fuels",6,3
"Curvature_sd",-0.00183272845211253,0.00183272845211253,"Fine dead surface fuels",6,3
"Planarity_sd",0.00329450749623453,0.00329450749623453,"Fine dead surface fuels",6,4
"NormalChangeRate_sd",0.00328971899518671,0.00328971899518671,"Fine dead surface fuels",6,4
"Percent.Below.20th.Quantile",-0.00315956612219756,0.00315956612219756,"Fine dead surface fuels",6,4
"Total_PAD_FullROI",0.00277073403121651,0.00277073403121651,"Fine dead surface fuels",6,4
"Eigentropy_sd",-0.00274223849820176,0.00274223849820176,"Fine dead surface fuels",6,4
"PCA2_mean",0.00268485134055104,0.00268485134055104,"Fine dead surface fuels",6,4
"Mean_PAD_FullROI",0.00254061106368093,0.00254061106368093,"Fine dead surface fuels",6,4
"zpcum6",-0.0025090943714401,0.0025090943714401,"Fine dead surface fuels",6,4
"Kurt_PropOcc_RelZ1.05_2.00",-0.00243522737646616,0.00243522737646616,"Fine dead surface fuels",6,4
"Percent.Below.30th.Quantile",-0.00241904017881417,0.00241904017881417,"Fine dead surface fuels",6,4
"Anisotropy_sd",-0.00344612866237685,0.00344612866237685,"Fine dead surface fuels",6,5
"Eigentropy_sd",-0.00344429775371513,0.00344429775371513,"Fine dead surface fuels",6,5
"Omnivariance_sd",-0.00342646600387172,0.00342646600387172,"Fine dead surface fuels",6,5
"Anisotropy_mean",0.00329212317271947,0.00329212317271947,"Fine dead surface fuels",6,5
"Percent.Below.20th.Quantile",-0.00319776550902588,0.00319776550902588,"Fine dead surface fuels",6,5
"PC_Strata_1.00.2.00",0.00308653426824401,0.00308653426824401,"Fine dead surface fuels",6,5
"Planarity_sd",0.00305352184100469,0.00305352184100469,"Fine dead surface fuels",6,5
"NormalChangeRate_sd",0.0030451356629278,0.0030451356629278,"Fine dead surface fuels",6,5
"zq55",0.00293878138817484,0.00293878138817484,"Fine dead surface fuels",6,5
"Kurt_PropOcc_RelZ1.05_2.00",-0.00291839721497428,0.00291839721497428,"Fine dead surface fuels",6,5
"Percent.Below.20th.Quantile",-0.00473057187270947,0.00473057187270947,"Fine dead surface fuels",7,1
"Percent.Below.30th.Quantile",-0.00376804940378196,0.00376804940378196,"Fine dead surface fuels",7,1
"Omnivariance_sd",-0.00352378459707049,0.00352378459707049,"Fine dead surface fuels",7,1
"Eigentropy_sd",-0.00347147577914141,0.00347147577914141,"Fine dead surface fuels",7,1
"Anisotropy_mean",0.0034153798480444,0.0034153798480444,"Fine dead surface fuels",7,1
"Kurt_PropOcc_RelZ1.05_2.00",-0.00323414958623116,0.00323414958623116,"Fine dead surface fuels",7,1
"Sphericity_mean",-0.00312188843165738,0.00312188843165738,"Fine dead surface fuels",7,1
"PCA2_mean",0.00308442279762178,0.00308442279762178,"Fine dead surface fuels",7,1
"eSmallest_mean",-0.00306177215715768,0.00306177215715768,"Fine dead surface fuels",7,1
"Planarity_sd",0.00305405934671011,0.00305405934671011,"Fine dead surface fuels",7,1
"Omnivariance_sd",-0.000772025881888538,0.000772025881888538,"Fine dead surface fuels",7,2
"Eigentropy_sd",-0.000736753431217026,0.000736753431217026,"Fine dead surface fuels",7,2
"Percent.Below.20th.Quantile",-0.000704168276943338,0.000704168276943338,"Fine dead surface fuels",7,2
"Anisotropy_mean",0.000663355137925933,0.000663355137925933,"Fine dead surface fuels",7,2
"Total_PAD_FullROI",0.000644253896467335,0.000644253896467335,"Fine dead surface fuels",7,2
"Anisotropy_sd",-0.000643109208255963,0.000643109208255963,"Fine dead surface fuels",7,2
"NormalChangeRate_sd",0.000622672124701409,0.000622672124701409,"Fine dead surface fuels",7,2
"Planarity_sd",0.000622598339732502,0.000622598339732502,"Fine dead surface fuels",7,2
"eSum_sd",-0.000605326758822178,0.000605326758822178,"Fine dead surface fuels",7,2
"Sphericity_mean",-0.000595256062542144,0.000595256062542144,"Fine dead surface fuels",7,2
"Omnivariance_sd",-0.00251255937246966,0.00251255937246966,"Fine dead surface fuels",7,3
"Anisotropy_sd",-0.00221952573506422,0.00221952573506422,"Fine dead surface fuels",7,3
"Kurt_PropOcc_RelZ1.05_2.00",-0.0021058289216971,0.0021058289216971,"Fine dead surface fuels",7,3
"PCA1_mean",-0.00198304430564848,0.00198304430564848,"Fine dead surface fuels",7,3
"Planarity_sd",0.0019185995994767,0.0019185995994767,"Fine dead surface fuels",7,3
"NormalChangeRate_sd",0.00191764448879758,0.00191764448879758,"Fine dead surface fuels",7,3
"Percent.Below.20th.Quantile",-0.00182970942559222,0.00182970942559222,"Fine dead surface fuels",7,3
"eSmallest_sd",-0.00182360192873872,0.00182360192873872,"Fine dead surface fuels",7,3
"Anisotropy_mean",0.00175938928509471,0.00175938928509471,"Fine dead surface fuels",7,3
"PC_Strata_1.00.2.00",0.00168739438660547,0.00168739438660547,"Fine dead surface fuels",7,3
"Total_PAD_FullROI",0.0024361438815426,0.0024361438815426,"Fine dead surface fuels",7,4
"Anisotropy_sd",-0.00238738674529996,0.00238738674529996,"Fine dead surface fuels",7,4
"Mean_PAD_FullROI",0.00199732384421984,0.00199732384421984,"Fine dead surface fuels",7,4
"Percent.Below.20th.Quantile",-0.00195361972022945,0.00195361972022945,"Fine dead surface fuels",7,4
"Total_PAD_RelZ0_0.25",0.00192408285277573,0.00192408285277573,"Fine dead surface fuels",7,4
"vzrumple",0.00190831611395213,0.00190831611395213,"Fine dead surface fuels",7,4
"Eigentropy_sd",-0.00189497459142267,0.00189497459142267,"Fine dead surface fuels",7,4
"Omnivariance_sd",-0.00186359571970355,0.00186359571970355,"Fine dead surface fuels",7,4
"Mean_PAD_RelZ0_0.25",0.0018271870527323,0.0018271870527323,"Fine dead surface fuels",7,4
"PC_Strata_1.00.2.00",0.0017581902693101,0.0017581902693101,"Fine dead surface fuels",7,4
"Anisotropy_mean",0.0120940736669403,0.0120940736669403,"Fine dead surface fuels",7,5
"Percent.Below.20th.Quantile",-0.00734896962659443,0.00734896962659443,"Fine dead surface fuels",7,5
"PC_Density_m3",0,0,"Fine dead surface fuels",7,5
"cHull_vol",0,0,"Fine dead surface fuels",7,5
"Alpha_Vol_m3",0,0,"Fine dead surface fuels",7,5
"horizontalRumpel",0,0,"Fine dead surface fuels",7,5
"mean_vox_ht",0,0,"Fine dead surface fuels",7,5
"sd_vox_ht",0,0,"Fine dead surface fuels",7,5
"zmax",0,0,"Fine dead surface fuels",7,5
"zmean",0,0,"Fine dead surface fuels",7,5
"Omnivariance_sd",-0.0280198879127853,0.0280198879127853,"Fine dead surface fuels",8,1
"Eigentropy_sd",-0.0111452581914392,0.0111452581914392,"Fine dead surface fuels",8,1
"Planarity_sd",0.00717425271596254,0.00717425271596254,"Fine dead surface fuels",8,1
"Percent.Below.30th.Quantile",-0.00506830497539473,0.00506830497539473,"Fine dead surface fuels",8,1
"NormalChangeRate_sd",0.00489567429279395,0.00489567429279395,"Fine dead surface fuels",8,1
"Anisotropy_sd",-0.00354897250554793,0.00354897250554793,"Fine dead surface fuels",8,1
"PC_Density_m3",0,0,"Fine dead surface fuels",8,1
"cHull_vol",0,0,"Fine dead surface fuels",8,1
"Alpha_Vol_m3",0,0,"Fine dead surface fuels",8,1
"horizontalRumpel",0,0,"Fine dead surface fuels",8,1
"Percent.Below.20th.Quantile",-0.00100562124324539,0.00100562124324539,"Fine dead surface fuels",8,2
"PC_Strata_1.00.2.00",0.000969819624802707,0.000969819624802707,"Fine dead surface fuels",8,2
"Omnivariance_sd",-0.000905143052086027,0.000905143052086027,"Fine dead surface fuels",8,2
"Anisotropy_mean",0.000842437101675273,0.000842437101675273,"Fine dead surface fuels",8,2
"Planarity_sd",0.000820580407233576,0.000820580407233576,"Fine dead surface fuels",8,2
"NormalChangeRate_sd",0.000820540194891843,0.000820540194891843,"Fine dead surface fuels",8,2
"eSmallest_mean",-0.000787497401712408,0.000787497401712408,"Fine dead surface fuels",8,2
"Sphericity_mean",-0.000775359362962571,0.000775359362962571,"Fine dead surface fuels",8,2
"PCA2_mean",0.000762381069203108,0.000762381069203108,"Fine dead surface fuels",8,2
"zq60",0.000760047385977823,0.000760047385977823,"Fine dead surface fuels",8,2
"Omnivariance_sd",-0.00119742610182785,0.00119742610182785,"Fine dead surface fuels",8,3
"Eigentropy_sd",-0.00104514992244777,0.00104514992244777,"Fine dead surface fuels",8,3
"Percent.Below.20th.Quantile",-0.00103389102076707,0.00103389102076707,"Fine dead surface fuels",8,3
"Anisotropy_sd",-0.00101619817708051,0.00101619817708051,"Fine dead surface fuels",8,3
"Anisotropy_mean",0.00100963266307422,0.00100963266307422,"Fine dead surface fuels",8,3
"Percent.Below.30th.Quantile",-0.000966379430116594,0.000966379430116594,"Fine dead surface fuels",8,3
"Planarity_sd",0.000954347031268151,0.000954347031268151,"Fine dead surface fuels",8,3
"NormalChangeRate_sd",0.000954238724829481,0.000954238724829481,"Fine dead surface fuels",8,3
"Sphericity_mean",-0.000893698654879958,0.000893698654879958,"Fine dead surface fuels",8,3
"Curvature_mean",-0.000864254358622575,0.000864254358622575,"Fine dead surface fuels",8,3
"Percent.Below.20th.Quantile",-0.045522170704522,0.045522170704522,"Fine dead surface fuels",8,4
"Anisotropy_sd",-0.0289317435311909,0.0289317435311909,"Fine dead surface fuels",8,4
"PC_Density_m3",0,0,"Fine dead surface fuels",8,4
"cHull_vol",0,0,"Fine dead surface fuels",8,4
"Alpha_Vol_m3",0,0,"Fine dead surface fuels",8,4
"horizontalRumpel",0,0,"Fine dead surface fuels",8,4
"mean_vox_ht",0,0,"Fine dead surface fuels",8,4
"sd_vox_ht",0,0,"Fine dead surface fuels",8,4
"zmax",0,0,"Fine dead surface fuels",8,4
"zmean",0,0,"Fine dead surface fuels",8,4
"Anisotropy_sd",-0.000743359164698018,0.000743359164698018,"Fine dead surface fuels",8,5
"Percent.Below.20th.Quantile",-0.000740427015894419,0.000740427015894419,"Fine dead surface fuels",8,5
"Omnivariance_sd",-0.00069199588732346,0.00069199588732346,"Fine dead surface fuels",8,5
"Anisotropy_mean",0.000685279404674685,0.000685279404674685,"Fine dead surface fuels",8,5
"Total_PAD_FullROI",0.000622642943727588,0.000622642943727588,"Fine dead surface fuels",8,5
"NormalChangeRate_sd",0.000603675861075067,0.000603675861075067,"Fine dead surface fuels",8,5
"Planarity_sd",0.000603584163260223,0.000603584163260223,"Fine dead surface fuels",8,5
"Sphericity_mean",-0.00059685913964777,0.00059685913964777,"Fine dead surface fuels",8,5
"Sphericity_sd",-0.000590428606072584,0.000590428606072584,"Fine dead surface fuels",8,5
"eSmallest_sd",-0.000586296447666663,0.000586296447666663,"Fine dead surface fuels",8,5
"PC_Strata_1.00.2.00",0.0997724644457953,0.0997724644457953,"Fine dead surface fuels",9,1
"vzrumple",0.0639837060554573,0.0639837060554573,"Fine dead surface fuels",9,1
"Kurt_PropOcc_RelZ1.05_2.00",-0.0133192358203223,0.0133192358203223,"Fine dead surface fuels",9,1
"Percent.Below.20th.Quantile",-0.0120342128904419,0.0120342128904419,"Fine dead surface fuels",9,1
"Eigentropy_sd",-0.0120148640411881,0.0120148640411881,"Fine dead surface fuels",9,1
"PC_Density_m3",0,0,"Fine dead surface fuels",9,1
"cHull_vol",0,0,"Fine dead surface fuels",9,1
"Alpha_Vol_m3",0,0,"Fine dead surface fuels",9,1
"horizontalRumpel",0,0,"Fine dead surface fuels",9,1
"mean_vox_ht",0,0,"Fine dead surface fuels",9,1
"Percent.Below.20th.Quantile",-0.0301499635334401,0.0301499635334401,"Fine dead surface fuels",9,2
"Anisotropy_mean",0.0254461438399484,0.0254461438399484,"Fine dead surface fuels",9,2
"Omnivariance_sd",-0.00972460159276179,0.00972460159276179,"Fine dead surface fuels",9,2
"Percent.Below.30th.Quantile",-0.00530391852962056,0.00530391852962056,"Fine dead surface fuels",9,2
"Planarity_sd",0.00197846946989885,0.00197846946989885,"Fine dead surface fuels",9,2
"NormalChangeRate_sd",0.000646289173693785,0.000646289173693785,"Fine dead surface fuels",9,2
"PC_Density_m3",0,0,"Fine dead surface fuels",9,2
"cHull_vol",0,0,"Fine dead surface fuels",9,2
"Alpha_Vol_m3",0,0,"Fine dead surface fuels",9,2
"horizontalRumpel",0,0,"Fine dead surface fuels",9,2
"Omnivariance_sd",-0.00308124624281267,0.00308124624281267,"Fine dead surface fuels",9,3
"Anisotropy_sd",-0.00249146159083582,0.00249146159083582,"Fine dead surface fuels",9,3
"Kurt_PropOcc_RelZ1.05_2.00",-0.00249104274924999,0.00249104274924999,"Fine dead surface fuels",9,3
"Percent.Below.20th.Quantile",-0.0024761714065801,0.0024761714065801,"Fine dead surface fuels",9,3
"Anisotropy_mean",0.00232586261425635,0.00232586261425635,"Fine dead surface fuels",9,3
"Total_PAD_FullROI",0.00230565354859308,0.00230565354859308,"Fine dead surface fuels",9,3
"Sphericity_sd",-0.00221749621267415,0.00221749621267415,"Fine dead surface fuels",9,3
"eSmallest_sd",-0.00219171024336476,0.00219171024336476,"Fine dead surface fuels",9,3
"Eigentropy_sd",-0.00217804058605729,0.00217804058605729,"Fine dead surface fuels",9,3
"Planarity_sd",0.00214458473251638,0.00214458473251638,"Fine dead surface fuels",9,3
"Eigentropy_sd",-0.0282577554034935,0.0282577554034935,"Fine dead surface fuels",9,4
"Percent.Below.20th.Quantile",-0.0191834719202789,0.0191834719202789,"Fine dead surface fuels",9,4
"Planarity_sd",0.0131841154093194,0.0131841154093194,"Fine dead surface fuels",9,4
"NormalChangeRate_sd",0.0131813942852415,0.0131813942852415,"Fine dead surface fuels",9,4
"Total_PAD_FullROI",0.0120889729771174,0.0120889729771174,"Fine dead surface fuels",9,4
"PC_Strata_1.00.2.00",0.00757248639360259,0.00757248639360259,"Fine dead surface fuels",9,4
"Kurt_PropOcc_RelZ1.05_2.00",-0.00265260136384343,0.00265260136384343,"Fine dead surface fuels",9,4
"Anisotropy_sd",-0.0023467457009447,0.0023467457009447,"Fine dead surface fuels",9,4
"PC_Density_m3",0,0,"Fine dead surface fuels",9,4
"cHull_vol",0,0,"Fine dead surface fuels",9,4
"Anisotropy_sd",-0.001875590187647,0.001875590187647,"Fine dead surface fuels",9,5
"Omnivariance_sd",-0.00174982111566376,0.00174982111566376,"Fine dead surface fuels",9,5
"Anisotropy_mean",0.00169986494434005,0.00169986494434005,"Fine dead surface fuels",9,5
"Percent.Below.20th.Quantile",-0.00161518986364354,0.00161518986364354,"Fine dead surface fuels",9,5
"Sphericity_mean",-0.00149293525277317,0.00149293525277317,"Fine dead surface fuels",9,5
"Eigentropy_sd",-0.00148756179979221,0.00148756179979221,"Fine dead surface fuels",9,5
"eSmallest_mean",-0.00146405541863509,0.00146405541863509,"Fine dead surface fuels",9,5
"Sphericity_sd",-0.00146174303184432,0.00146174303184432,"Fine dead surface fuels",9,5
"Total_PAD_FullROI",0.00146091968494792,0.00146091968494792,"Fine dead surface fuels",9,5
"Curvature_mean",-0.0014304760261876,0.0014304760261876,"Fine dead surface fuels",9,5
"Kurt_PropOcc_RelZ1.05_2.00",-0.00413215087056527,0.00413215087056527,"Fine dead surface fuels",10,1
"Total_PAD_FullROI",0.00316918403797303,0.00316918403797303,"Fine dead surface fuels",10,1
"Skew_PropOcc_RelZ1.05_2.00",-0.00309100692678888,0.00309100692678888,"Fine dead surface fuels",10,1
"Mean_PAD_FullROI",0.00307848682575322,0.00307848682575322,"Fine dead surface fuels",10,1
"Anisotropy_sd",-0.00297501404268772,0.00297501404268772,"Fine dead surface fuels",10,1
"Eigentropy_sd",-0.00294720563045882,0.00294720563045882,"Fine dead surface fuels",10,1
"ipcumzq70",0.00286234085688644,0.00286234085688644,"Fine dead surface fuels",10,1
"Planarity_sd",0.00278382384536141,0.00278382384536141,"Fine dead surface fuels",10,1
"Omnivariance_sd",-0.00277695524370513,0.00277695524370513,"Fine dead surface fuels",10,1
"NormalChangeRate_sd",0.00277599098872081,0.00277599098872081,"Fine dead surface fuels",10,1
"PC_Density_m3",0,0,"Fine dead surface fuels",10,2
"cHull_vol",0,0,"Fine dead surface fuels",10,2
"Alpha_Vol_m3",0,0,"Fine dead surface fuels",10,2
"horizontalRumpel",0,0,"Fine dead surface fuels",10,2
"mean_vox_ht",0,0,"Fine dead surface fuels",10,2
"sd_vox_ht",0,0,"Fine dead surface fuels",10,2
"zmax",0,0,"Fine dead surface fuels",10,2
"zmean",0,0,"Fine dead surface fuels",10,2
"zsd",0,0,"Fine dead surface fuels",10,2
"zskew",0,0,"Fine dead surface fuels",10,2
"Percent.Below.20th.Quantile",-0.00415505149685233,0.00415505149685233,"Fine dead surface fuels",10,3
"Anisotropy_mean",0.00336859079060699,0.00336859079060699,"Fine dead surface fuels",10,3
"Anisotropy_sd",-0.003367770639566,0.003367770639566,"Fine dead surface fuels",10,3
"Planarity_sd",0.00329235705973169,0.00329235705973169,"Fine dead surface fuels",10,3
"NormalChangeRate_sd",0.00327851968400218,0.00327851968400218,"Fine dead surface fuels",10,3
"ipcumzq90",-0.0030870243678552,0.0030870243678552,"Fine dead surface fuels",10,3
"Omnivariance_sd",-0.00303415980366506,0.00303415980366506,"Fine dead surface fuels",10,3
"Eigentropy_sd",-0.00298652610720522,0.00298652610720522,"Fine dead surface fuels",10,3
"Sphericity_mean",-0.00293780159725659,0.00293780159725659,"Fine dead surface fuels",10,3
"Curvature_mean",-0.00287654618119817,0.00287654618119817,"Fine dead surface fuels",10,3
"Omnivariance_sd",-0.0807874300295712,0.0807874300295712,"Fine dead surface fuels",10,4
"Percent.Below.20th.Quantile",-0.0645680827907624,0.0645680827907624,"Fine dead surface fuels",10,4
"Kurt_PropOcc_RelZ1.05_2.00",-0.025081610834667,0.025081610834667,"Fine dead surface fuels",10,4
"Percent.Below.30th.Quantile",-0.00661356516060644,0.00661356516060644,"Fine dead surface fuels",10,4
"Eigentropy_sd",-0.00331103590584305,0.00331103590584305,"Fine dead surface fuels",10,4
"PCA2_mean",6.25939435939887e-05,6.25939435939887e-05,"Fine dead surface fuels",10,4
"PC_Density_m3",0,0,"Fine dead surface fuels",10,4
"cHull_vol",0,0,"Fine dead surface fuels",10,4
"Alpha_Vol_m3",0,0,"Fine dead surface fuels",10,4
"horizontalRumpel",0,0,"Fine dead surface fuels",10,4
"Omnivariance_sd",-0.00308747635327028,0.00308747635327028,"Fine dead surface fuels",10,5
"Percent.Below.20th.Quantile",-0.00292840863882483,0.00292840863882483,"Fine dead surface fuels",10,5
"PC_Strata_1.00.2.00",0.00287475229574288,0.00287475229574288,"Fine dead surface fuels",10,5
"Percent.Below.30th.Quantile",-0.00285711988608917,0.00285711988608917,"Fine dead surface fuels",10,5
"Anisotropy_mean",0.00274355949669952,0.00274355949669952,"Fine dead surface fuels",10,5
"PCA2_mean",0.00269576738604785,0.00269576738604785,"Fine dead surface fuels",10,5
"Anisotropy_sd",-0.00266120526375616,0.00266120526375616,"Fine dead surface fuels",10,5
"Total_PAD_FullROI",0.0025674121765887,0.0025674121765887,"Fine dead surface fuels",10,5
"Eigentropy_sd",-0.00254173019225361,0.00254173019225361,"Fine dead surface fuels",10,5
"Sphericity_mean",-0.00250578468443003,0.00250578468443003,"Fine dead surface fuels",10,5
