"Predictor","Importance","Dataset","Repeat","Fold"
"lad_sum",84.6225045383488,"Total surface fuels",1,1
"Percent.Below.30th.Quantile",79.5293516731487,"Total surface fuels",1,1
"Ny_mean",65.2339028224956,"Total surface fuels",1,1
"Anisotropy_sd",61.4469692989588,"Total surface fuels",1,1
"lad_mean",52.5637849484944,"Total surface fuels",1,1
"zq60",47.9546028229231,"Total surface fuels",1,1
"zq45",46.4429691528377,"Total surface fuels",1,1
"vn",33.4228457115811,"Total surface fuels",1,1
"zq30",32.921477482587,"Total surface fuels",1,1
"PC_Strata_0.00.0.25",31.7773447230752,"Total surface fuels",1,1
"Percent.Below.30th.Quantile",1512.29066301864,"Total surface fuels",1,2
"Percent.Below.40th.Quantile",622.58851333757,"Total surface fuels",1,2
"lad_sum",254.732291398774,"Total surface fuels",1,2
"lad_mean",203.309114548883,"Total surface fuels",1,2
"Ny_mean",112.170425934472,"Total surface fuels",1,2
"Total_PAD_RelZ1.05_2.00",65.2635347847273,"Total surface fuels",1,2
"mean_vox_ht",17.2930428874922,"Total surface fuels",1,2
"Percent.Below.10th.Quantile",13.6393979373169,"Total surface fuels",1,2
"ipcumzq10",11.9285887516873,"Total surface fuels",1,2
"zpcum1",11.2030658222661,"Total surface fuels",1,2
"Percent.Below.40th.Quantile",1109.22590703536,"Total surface fuels",1,3
"Percent.Below.30th.Quantile",886.630464912437,"Total surface fuels",1,3
"lad_sum",53.2116331938656,"Total surface fuels",1,3
"Ny_mean",42.3381575200786,"Total surface fuels",1,3
"Total_PAD_RelZ1.05_2.00",40.6664514826264,"Total surface fuels",1,3
"mean_vox_ht",28.8846057250307,"Total surface fuels",1,3
"zq65",22.1251393303309,"Total surface fuels",1,3
"Alpha_Vol_m3",14.0643095600256,"Total surface fuels",1,3
"Anisotropy_sd",13.5815584197475,"Total surface fuels",1,3
"vn",12.3655290570733,"Total surface fuels",1,3
"Percent.Below.30th.Quantile",2224.46966527521,"Total surface fuels",1,4
"Percent.Below.40th.Quantile",407.025269366755,"Total surface fuels",1,4
"lad_sum",77.2039800111948,"Total surface fuels",1,4
"Ny_mean",58.0889214203686,"Total surface fuels",1,4
"zpcum1",28.7467416617252,"Total surface fuels",1,4
"mean_vox_ht",27.9346070969477,"Total surface fuels",1,4
"Alpha_Vol_m3",26.1981851102329,"Total surface fuels",1,4
"Total_PAD_RelZ1.05_2.00",25.5246004990876,"Total surface fuels",1,4
"lad_mean",23.1393139666981,"Total surface fuels",1,4
"zq50",17.7674548958434,"Total surface fuels",1,4
"Percent.Below.30th.Quantile",303.208633843684,"Total surface fuels",1,5
"Percent.Below.40th.Quantile",299.352832870558,"Total surface fuels",1,5
"lad_sum",191.272383942761,"Total surface fuels",1,5
"lad_mean",170.305933892017,"Total surface fuels",1,5
"Ny_mean",163.549375415936,"Total surface fuels",1,5
"zq60",138.157146323305,"Total surface fuels",1,5
"zq80",114.241895893262,"Total surface fuels",1,5
"zq45",112.709532730138,"Total surface fuels",1,5
"mean_vox_ht",109.831522561234,"Total surface fuels",1,5
"PC_Strata_0.00.0.25",97.9980514513842,"Total surface fuels",1,5
"Percent.Below.30th.Quantile",291.265026887338,"Total surface fuels",2,1
"Percent.Below.40th.Quantile",211.414934561595,"Total surface fuels",2,1
"lad_sum",180.158895676249,"Total surface fuels",2,1
"lad_mean",128.501175648009,"Total surface fuels",2,1
"Ny_mean",98.9128245461832,"Total surface fuels",2,1
"zq80",89.8780493195151,"Total surface fuels",2,1
"zq65",88.6007418470143,"Total surface fuels",2,1
"zq60",78.3931809083011,"Total surface fuels",2,1
"PC_Strata_0.00.0.25",76.9160718955854,"Total surface fuels",2,1
"zq45",72.0643826504186,"Total surface fuels",2,1
"Percent.Below.30th.Quantile",458.789849166756,"Total surface fuels",2,2
"Percent.Below.40th.Quantile",207.64709876258,"Total surface fuels",2,2
"lad_sum",160.628294712439,"Total surface fuels",2,2
"Ny_mean",137.449697255062,"Total surface fuels",2,2
"zq60",137.399295713176,"Total surface fuels",2,2
"lad_mean",134.563209385799,"Total surface fuels",2,2
"zpcum1",127.289799927906,"Total surface fuels",2,2
"zq70",119.320133828097,"Total surface fuels",2,2
"zq50",104.184632524745,"Total surface fuels",2,2
"zq45",102.928594429993,"Total surface fuels",2,2
"Percent.Below.30th.Quantile",82.8456455154273,"Total surface fuels",2,3
"Ny_mean",71.6887470856624,"Total surface fuels",2,3
"lad_sum",70.7589044806204,"Total surface fuels",2,3
"Anisotropy_sd",60.8180907701672,"Total surface fuels",2,3
"lad_mean",60.5679712161178,"Total surface fuels",2,3
"zq50",42.8261672062542,"Total surface fuels",2,3
"zq70",39.6066178287777,"Total surface fuels",2,3
"PC_Strata_0.00.0.25",36.81715865553,"Total surface fuels",2,3
"mean_vox_ht",34.9636347468878,"Total surface fuels",2,3
"zq65",34.8923531875357,"Total surface fuels",2,3
"Percent.Below.30th.Quantile",333.573492255188,"Total surface fuels",2,4
"Percent.Below.40th.Quantile",262.884284517896,"Total surface fuels",2,4
"lad_sum",182.901269547514,"Total surface fuels",2,4
"Ny_mean",172.360057761208,"Total surface fuels",2,4
"lad_mean",134.371043237637,"Total surface fuels",2,4
"PC_Strata_0.00.0.25",127.86804548763,"Total surface fuels",2,4
"zq65",124.944356786348,"Total surface fuels",2,4
"zq45",116.304637976983,"Total surface fuels",2,4
"zq70",110.200414480058,"Total surface fuels",2,4
"zq60",101.499182191944,"Total surface fuels",2,4
"Percent.Below.30th.Quantile",1603.1205377395,"Total surface fuels",2,5
"Percent.Below.40th.Quantile",694.591635260556,"Total surface fuels",2,5
"lad_sum",177.676782790864,"Total surface fuels",2,5
"Ny_mean",120.15541533224,"Total surface fuels",2,5
"lad_mean",92.7017328453081,"Total surface fuels",2,5
"Total_PAD_RelZ1.05_2.00",60.083542470066,"Total surface fuels",2,5
"zpcum1",19.8937428372733,"Total surface fuels",2,5
"mean_vox_ht",18.7007556672842,"Total surface fuels",2,5
"ipcumzq10",13.8907713317707,"Total surface fuels",2,5
"Anisotropy_sd",13.0902360238095,"Total surface fuels",2,5
"Percent.Below.30th.Quantile",1125.84088017737,"Total surface fuels",3,1
"Percent.Below.40th.Quantile",602.802561503667,"Total surface fuels",3,1
"lad_sum",219.742748463196,"Total surface fuels",3,1
"lad_mean",195.958489931084,"Total surface fuels",3,1
"zpcum1",126.468593082834,"Total surface fuels",3,1
"Ny_mean",99.6278864135609,"Total surface fuels",3,1
"Anisotropy_sd",46.1608334411002,"Total surface fuels",3,1
"Total_PAD_RelZ1.05_2.00",40.3277185932921,"Total surface fuels",3,1
"zq60",31.1761729884379,"Total surface fuels",3,1
"mean_vox_ht",31.1401673846725,"Total surface fuels",3,1
"Percent.Below.40th.Quantile",1032.20872812048,"Total surface fuels",3,2
"Percent.Below.30th.Quantile",918.464343071503,"Total surface fuels",3,2
"lad_sum",85.3902455830349,"Total surface fuels",3,2
"Ny_mean",66.8479674656486,"Total surface fuels",3,2
"mean_vox_ht",37.9846580725395,"Total surface fuels",3,2
"Anisotropy_sd",31.3598111424928,"Total surface fuels",3,2
"zq80",23.8243694941563,"Total surface fuels",3,2
"Total_PAD_RelZ1.05_2.00",21.4712019827665,"Total surface fuels",3,2
"lad_mean",14.5185773245486,"Total surface fuels",3,2
"Alpha_Vol_m3",11.3814778639167,"Total surface fuels",3,2
"Percent.Below.30th.Quantile",351.702665095776,"Total surface fuels",3,3
"lad_sum",348.825359453642,"Total surface fuels",3,3
"lad_mean",261.290520059944,"Total surface fuels",3,3
"Percent.Below.40th.Quantile",248.510709920547,"Total surface fuels",3,3
"Ny_mean",165.38129588587,"Total surface fuels",3,3
"mean_vox_ht",128.955970899741,"Total surface fuels",3,3
"zq70",112.023481011459,"Total surface fuels",3,3
"zq65",107.60657891795,"Total surface fuels",3,3
"zq80",96.9268920115724,"Total surface fuels",3,3
"zq50",90.6207876228514,"Total surface fuels",3,3
"Percent.Below.30th.Quantile",252.082405809123,"Total surface fuels",3,4
"Percent.Below.40th.Quantile",236.756903795825,"Total surface fuels",3,4
"Ny_mean",184.075393283992,"Total surface fuels",3,4
"lad_sum",182.36632956371,"Total surface fuels",3,4
"zq60",144.796599238724,"Total surface fuels",3,4
"lad_mean",141.188204030244,"Total surface fuels",3,4
"PC_Strata_0.00.0.25",131.606154947139,"Total surface fuels",3,4
"zq70",115.908840377511,"Total surface fuels",3,4
"zq45",115.663711084627,"Total surface fuels",3,4
"zq30",109.728078083725,"Total surface fuels",3,4
"Percent.Below.30th.Quantile",116.230438878296,"Total surface fuels",3,5
"lad_sum",52.714721343376,"Total surface fuels",3,5
"zq60",51.9039001564501,"Total surface fuels",3,5
"lad_mean",45.4222082638211,"Total surface fuels",3,5
"Anisotropy_sd",43.5787294633811,"Total surface fuels",3,5
"Ny_mean",40.9937178706136,"Total surface fuels",3,5
"Percent.Below.10th.Quantile",39.9198751986042,"Total surface fuels",3,5
"zq50",37.8154683510363,"Total surface fuels",3,5
"zpcum1",36.8931648962256,"Total surface fuels",3,5
"PC_Strata_0.00.0.25",36.4160591204699,"Total surface fuels",3,5
"Ny_mean",109.40566401066,"Total surface fuels",4,1
"lad_sum",81.5645792570648,"Total surface fuels",4,1
"Percent.Below.30th.Quantile",73.378245083392,"Total surface fuels",4,1
"lad_mean",67.1238327650346,"Total surface fuels",4,1
"zq60",60.0574535770408,"Total surface fuels",4,1
"Anisotropy_sd",50.7220127378524,"Total surface fuels",4,1
"mean_vox_ht",40.4097539640963,"Total surface fuels",4,1
"zq45",36.8897006028716,"Total surface fuels",4,1
"vn",36.8347672940851,"Total surface fuels",4,1
"zq20",36.7399829212332,"Total surface fuels",4,1
"Percent.Below.40th.Quantile",1053.32045658013,"Total surface fuels",4,2
"Percent.Below.30th.Quantile",964.608900090622,"Total surface fuels",4,2
"Total_PAD_RelZ1.05_2.00",64.6082745299473,"Total surface fuels",4,2
"lad_sum",33.6146318337601,"Total surface fuels",4,2
"Ny_mean",27.4176664694505,"Total surface fuels",4,2
"lad_mean",18.9569733438147,"Total surface fuels",4,2
"mean_vox_ht",15.3776429991635,"Total surface fuels",4,2
"zq50",8.98468501591045,"Total surface fuels",4,2
"Anisotropy_sd",8.40977184916473,"Total surface fuels",4,2
"vn",6.95926449337931,"Total surface fuels",4,2
"Percent.Below.30th.Quantile",371.974375293898,"Total surface fuels",4,3
"Percent.Below.40th.Quantile",217.381257636917,"Total surface fuels",4,3
"lad_mean",212.837500371776,"Total surface fuels",4,3
"lad_sum",164.646543943613,"Total surface fuels",4,3
"Ny_mean",158.721946081837,"Total surface fuels",4,3
"zpcum1",144.848316680975,"Total surface fuels",4,3
"zq65",128.67898770295,"Total surface fuels",4,3
"mean_vox_ht",125.23068600977,"Total surface fuels",4,3
"zq45",121.284156532784,"Total surface fuels",4,3
"PC_Strata_0.00.0.25",109.102084510445,"Total surface fuels",4,3
"Percent.Below.30th.Quantile",300.872182414964,"Total surface fuels",4,4
"lad_sum",280.258847955227,"Total surface fuels",4,4
"Percent.Below.40th.Quantile",219.619663246715,"Total surface fuels",4,4
"Ny_mean",161.249969784698,"Total surface fuels",4,4
"lad_mean",140.890389809474,"Total surface fuels",4,4
"PC_Strata_0.00.0.25",136.648423504942,"Total surface fuels",4,4
"zq60",129.519284646009,"Total surface fuels",4,4
"zq80",107.438183967966,"Total surface fuels",4,4
"ipcumzq10",99.7269964015789,"Total surface fuels",4,4
"zq65",93.427967635003,"Total surface fuels",4,4
"Percent.Below.30th.Quantile",2313.95789196279,"Total surface fuels",4,5
"Percent.Below.40th.Quantile",333.598436313489,"Total surface fuels",4,5
"lad_mean",142.351450119718,"Total surface fuels",4,5
"lad_sum",86.4392206983712,"Total surface fuels",4,5
"Ny_mean",51.998902968157,"Total surface fuels",4,5
"Anisotropy_sd",43.9635367282735,"Total surface fuels",4,5
"Total_PAD_RelZ1.05_2.00",36.0946321863236,"Total surface fuels",4,5
"zq50",26.5669813287756,"Total surface fuels",4,5
"mean_vox_ht",22.6493448538619,"Total surface fuels",4,5
"Alpha_Vol_m3",19.31320058804,"Total surface fuels",4,5
"lad_sum",1384.77047213179,"Total surface fuels",5,1
"Percent.Below.30th.Quantile",541.851171048188,"Total surface fuels",5,1
"lad_mean",443.930168037571,"Total surface fuels",5,1
"Percent.Below.40th.Quantile",222.770382767555,"Total surface fuels",5,1
"Ny_mean",105.233537828035,"Total surface fuels",5,1
"mean_vox_ht",47.1888745915393,"Total surface fuels",5,1
"zpcum1",41.5393019034894,"Total surface fuels",5,1
"Total_PAD_RelZ1.05_2.00",25.8887858100323,"Total surface fuels",5,1
"Anisotropy_sd",19.5799745255039,"Total surface fuels",5,1
"zq50",10.8663812303838,"Total surface fuels",5,1
"Percent.Below.30th.Quantile",80.5507172655763,"Total surface fuels",5,2
"lad_mean",66.8414344606701,"Total surface fuels",5,2
"Anisotropy_sd",51.956280521787,"Total surface fuels",5,2
"zq60",50.6880788074342,"Total surface fuels",5,2
"lad_sum",50.5779084509254,"Total surface fuels",5,2
"zq45",39.9250132433693,"Total surface fuels",5,2
"Ny_mean",39.8979288727162,"Total surface fuels",5,2
"zq70",38.8749908382068,"Total surface fuels",5,2
"zq65",37.0789230549034,"Total surface fuels",5,2
"zq80",36.230379333432,"Total surface fuels",5,2
"Percent.Below.30th.Quantile",390.128272344151,"Total surface fuels",5,3
"Percent.Below.40th.Quantile",260.904499412986,"Total surface fuels",5,3
"lad_sum",198.36193038596,"Total surface fuels",5,3
"lad_mean",164.955371392403,"Total surface fuels",5,3
"Ny_mean",163.142923018785,"Total surface fuels",5,3
"PC_Strata_0.00.0.25",128.36370560902,"Total surface fuels",5,3
"zq80",118.362756682755,"Total surface fuels",5,3
"mean_vox_ht",116.960857591168,"Total surface fuels",5,3
"zq65",104.145131884511,"Total surface fuels",5,3
"zq60",102.936635606336,"Total surface fuels",5,3
"Percent.Below.30th.Quantile",2482.07152251424,"Total surface fuels",5,4
"Percent.Below.40th.Quantile",288.869316112244,"Total surface fuels",5,4
"Total_PAD_RelZ1.05_2.00",72.6117201465621,"Total surface fuels",5,4
"Ny_mean",56.1639739022433,"Total surface fuels",5,4
"lad_sum",37.5075945831653,"Total surface fuels",5,4
"lad_mean",33.9345919130148,"Total surface fuels",5,4
"zpcum1",11.2366915051231,"Total surface fuels",5,4
"mean_vox_ht",11.216909572631,"Total surface fuels",5,4
"Anisotropy_sd",10.7942822749308,"Total surface fuels",5,4
"ipcumzq10",6.81582755420529,"Total surface fuels",5,4
"Percent.Below.40th.Quantile",832.306084510756,"Total surface fuels",5,5
"Percent.Below.30th.Quantile",740.785960594368,"Total surface fuels",5,5
"lad_sum",130.707012576058,"Total surface fuels",5,5
"Ny_mean",64.9434292449733,"Total surface fuels",5,5
"lad_mean",60.383666209961,"Total surface fuels",5,5
"mean_vox_ht",33.6574491104253,"Total surface fuels",5,5
"Total_PAD_RelZ1.05_2.00",29.3413954322965,"Total surface fuels",5,5
"Anisotropy_sd",29.1221741603421,"Total surface fuels",5,5
"Alpha_Vol_m3",27.9302820273038,"Total surface fuels",5,5
"zpcum1",26.4495994992227,"Total surface fuels",5,5
"Percent.Below.30th.Quantile",276.595433529615,"Total surface fuels",6,1
"Percent.Below.40th.Quantile",242.452779448765,"Total surface fuels",6,1
"lad_sum",188.376316960362,"Total surface fuels",6,1
"lad_mean",170.458107034711,"Total surface fuels",6,1
"zpcum1",144.040133403661,"Total surface fuels",6,1
"Ny_mean",139.533907153047,"Total surface fuels",6,1
"zq70",121.890563786036,"Total surface fuels",6,1
"zq60",118.56280211852,"Total surface fuels",6,1
"zq45",102.913327911739,"Total surface fuels",6,1
"mean_vox_ht",98.5148143764983,"Total surface fuels",6,1
"Percent.Below.30th.Quantile",353.400018960226,"Total surface fuels",6,2
"Percent.Below.40th.Quantile",274.757077032117,"Total surface fuels",6,2
"lad_sum",205.191616826513,"Total surface fuels",6,2
"lad_mean",199.444150865554,"Total surface fuels",6,2
"zq65",130.296065749435,"Total surface fuels",6,2
"Ny_mean",122.097476213228,"Total surface fuels",6,2
"PC_Strata_0.00.0.25",116.801000443419,"Total surface fuels",6,2
"mean_vox_ht",115.018725697221,"Total surface fuels",6,2
"zpcum1",109.391293715846,"Total surface fuels",6,2
"zq60",103.628365220866,"Total surface fuels",6,2
"Percent.Below.30th.Quantile",1098.40720426923,"Total surface fuels",6,3
"Percent.Below.40th.Quantile",754.360782486425,"Total surface fuels",6,3
"lad_sum",92.6619547207667,"Total surface fuels",6,3
"Ny_mean",71.6068409326289,"Total surface fuels",6,3
"lad_mean",48.8655514206799,"Total surface fuels",6,3
"Total_PAD_RelZ1.05_2.00",12.6732821172786,"Total surface fuels",6,3
"zpcum1",11.0685814427889,"Total surface fuels",6,3
"Anisotropy_sd",7.80808885610022,"Total surface fuels",6,3
"ipcumzq10",5.79557264571169,"Total surface fuels",6,3
"mean_vox_ht",5.68852513501711,"Total surface fuels",6,3
"Percent.Below.30th.Quantile",112.998692113836,"Total surface fuels",6,4
"Ny_mean",89.9083935493623,"Total surface fuels",6,4
"lad_mean",70.7543233008738,"Total surface fuels",6,4
"lad_sum",51.687221217382,"Total surface fuels",6,4
"Anisotropy_sd",50.1369096144004,"Total surface fuels",6,4
"zq45",48.6181283339658,"Total surface fuels",6,4
"zq60",47.9138990203004,"Total surface fuels",6,4
"zq70",38.7845395291891,"Total surface fuels",6,4
"zq65",35.6221998503695,"Total surface fuels",6,4
"PC_Strata_0.00.0.25",35.5411994811066,"Total surface fuels",6,4
"Percent.Below.30th.Quantile",1633.04506283392,"Total surface fuels",6,5
"Percent.Below.40th.Quantile",651.637153287152,"Total surface fuels",6,5
"lad_sum",232.048920061756,"Total surface fuels",6,5
"Ny_mean",173.74549650541,"Total surface fuels",6,5
"lad_mean",48.2677109700166,"Total surface fuels",6,5
"zpcum1",40.8222926368299,"Total surface fuels",6,5
"Total_PAD_RelZ1.05_2.00",40.4078434963682,"Total surface fuels",6,5
"Anisotropy_sd",39.7272763955479,"Total surface fuels",6,5
"mean_vox_ht",35.0246561840356,"Total surface fuels",6,5
"Alpha_Vol_m3",20.518858603251,"Total surface fuels",6,5
"Percent.Below.30th.Quantile",314.99121615836,"Total surface fuels",7,1
"Percent.Below.40th.Quantile",274.012040226022,"Total surface fuels",7,1
"lad_sum",184.994929470588,"Total surface fuels",7,1
"lad_mean",175.317492735803,"Total surface fuels",7,1
"Ny_mean",149.124892752037,"Total surface fuels",7,1
"zq80",118.339652936024,"Total surface fuels",7,1
"zpcum1",114.779624837345,"Total surface fuels",7,1
"zq45",109.848801445498,"Total surface fuels",7,1
"zq60",95.5515155538868,"Total surface fuels",7,1
"PC_Strata_0.00.0.25",89.9374533959763,"Total surface fuels",7,1
"Percent.Below.30th.Quantile",710.507424762342,"Total surface fuels",7,2
"Ny_mean",141.309866854534,"Total surface fuels",7,2
"lad_sum",78.0941999817852,"Total surface fuels",7,2
"lad_mean",46.1942868649695,"Total surface fuels",7,2
"mean_vox_ht",27.0568247864346,"Total surface fuels",7,2
"Anisotropy_sd",22.9974752132179,"Total surface fuels",7,2
"Alpha_Vol_m3",19.9433147777847,"Total surface fuels",7,2
"Percent.Below.40th.Quantile",11.5614966847139,"Total surface fuels",7,2
"zq80",9.97957389966036,"Total surface fuels",7,2
"zq45",8.39132387565198,"Total surface fuels",7,2
"Percent.Below.40th.Quantile",251.459130787738,"Total surface fuels",7,3
"Percent.Below.30th.Quantile",185.777645742063,"Total surface fuels",7,3
"mean_vox_ht",131.660992095055,"Total surface fuels",7,3
"lad_sum",127.389360190607,"Total surface fuels",7,3
"zq70",110.585140220332,"Total surface fuels",7,3
"zq65",94.8046746388905,"Total surface fuels",7,3
"lad_mean",91.7592034964653,"Total surface fuels",7,3
"zq60",89.5986677384106,"Total surface fuels",7,3
"PC_Strata_0.00.0.25",77.69351762056,"Total surface fuels",7,3
"Ny_mean",74.1743651349092,"Total surface fuels",7,3
"Percent.Below.30th.Quantile",266.700236714943,"Total surface fuels",7,4
"Percent.Below.40th.Quantile",255.806809650991,"Total surface fuels",7,4
"Ny_mean",185.848185627737,"Total surface fuels",7,4
"lad_mean",185.063854231027,"Total surface fuels",7,4
"lad_sum",184.862152138078,"Total surface fuels",7,4
"zq60",147.406023936639,"Total surface fuels",7,4
"zpcum1",139.778896892124,"Total surface fuels",7,4
"zq45",123.219575716862,"Total surface fuels",7,4
"mean_vox_ht",110.486430140611,"Total surface fuels",7,4
"zq80",104.979107332929,"Total surface fuels",7,4
"Percent.Below.30th.Quantile",291.461754781342,"Total surface fuels",7,5
"Percent.Below.40th.Quantile",243.921668145692,"Total surface fuels",7,5
"lad_sum",193.773311062859,"Total surface fuels",7,5
"lad_mean",186.144771108497,"Total surface fuels",7,5
"Ny_mean",159.444324426144,"Total surface fuels",7,5
"zq80",111.898354728832,"Total surface fuels",7,5
"zq70",107.963877727686,"Total surface fuels",7,5
"zq60",105.428376171077,"Total surface fuels",7,5
"zq45",105.407896523492,"Total surface fuels",7,5
"vn",100.279461992914,"Total surface fuels",7,5
"Percent.Below.30th.Quantile",331.308679415962,"Total surface fuels",8,1
"Percent.Below.40th.Quantile",237.723468465255,"Total surface fuels",8,1
"lad_sum",218.50137438807,"Total surface fuels",8,1
"Ny_mean",204.141632276725,"Total surface fuels",8,1
"lad_mean",200.467052489679,"Total surface fuels",8,1
"zpcum1",147.944175771616,"Total surface fuels",8,1
"zq45",123.75685527597,"Total surface fuels",8,1
"zq80",108.433535100308,"Total surface fuels",8,1
"Percent.Below.10th.Quantile",102.29377652113,"Total surface fuels",8,1
"PC_Strata_0.00.0.25",98.9909870872259,"Total surface fuels",8,1
"Percent.Below.30th.Quantile",118.609971921553,"Total surface fuels",8,2
"Ny_mean",64.8886670578704,"Total surface fuels",8,2
"lad_sum",60.9293165218803,"Total surface fuels",8,2
"lad_mean",55.9949483152285,"Total surface fuels",8,2
"zq60",47.0752990678588,"Total surface fuels",8,2
"zq65",43.347268491327,"Total surface fuels",8,2
"Anisotropy_sd",42.0292003379394,"Total surface fuels",8,2
"zq45",40.0210337855337,"Total surface fuels",8,2
"zq50",37.0387309797078,"Total surface fuels",8,2
"zq70",36.990851354361,"Total surface fuels",8,2
"Percent.Below.30th.Quantile",1468.53101875809,"Total surface fuels",8,3
"Percent.Below.40th.Quantile",604.729090291882,"Total surface fuels",8,3
"lad_mean",319.678525344232,"Total surface fuels",8,3
"lad_sum",257.966583803607,"Total surface fuels",8,3
"Ny_mean",155.367086144025,"Total surface fuels",8,3
"Alpha_Vol_m3",16.6381478322339,"Total surface fuels",8,3
"Anisotropy_sd",14.1397976297223,"Total surface fuels",8,3
"zpcum1",13.615685390839,"Total surface fuels",8,3
"Total_PAD_RelZ1.05_2.00",12.6288074257544,"Total surface fuels",8,3
"vn",6.5031471773069,"Total surface fuels",8,3
"Percent.Below.30th.Quantile",354.981607175013,"Total surface fuels",8,4
"Percent.Below.40th.Quantile",262.591129361159,"Total surface fuels",8,4
"lad_sum",189.192047520706,"Total surface fuels",8,4
"lad_mean",162.722932150859,"Total surface fuels",8,4
"Ny_mean",145.815553203562,"Total surface fuels",8,4
"zq45",128.350805293626,"Total surface fuels",8,4
"zq80",128.273207523719,"Total surface fuels",8,4
"zq60",124.774455729523,"Total surface fuels",8,4
"zpcum1",113.305644713063,"Total surface fuels",8,4
"zq50",97.0460165981558,"Total surface fuels",8,4
"Percent.Below.30th.Quantile",1089.02421948986,"Total surface fuels",8,5
"Percent.Below.40th.Quantile",853.120051520461,"Total surface fuels",8,5
"lad_sum",113.715706505787,"Total surface fuels",8,5
"Ny_mean",47.1276842893438,"Total surface fuels",8,5
"Total_PAD_RelZ1.05_2.00",39.1184164165641,"Total surface fuels",8,5
"mean_vox_ht",36.8289599111764,"Total surface fuels",8,5
"Alpha_Vol_m3",27.384663938597,"Total surface fuels",8,5
"lad_mean",26.1641140263597,"Total surface fuels",8,5
"Anisotropy_sd",25.4838587103721,"Total surface fuels",8,5
"zq80",16.5468323013296,"Total surface fuels",8,5
"Percent.Below.30th.Quantile",1738.14166330697,"Total surface fuels",9,1
"Percent.Below.40th.Quantile",568.745972394589,"Total surface fuels",9,1
"lad_sum",173.410335834673,"Total surface fuels",9,1
"Ny_mean",107.417755263461,"Total surface fuels",9,1
"zpcum1",81.7763720639637,"Total surface fuels",9,1
"zq65",50.7813010000426,"Total surface fuels",9,1
"Total_PAD_RelZ1.05_2.00",43.3076359211223,"Total surface fuels",9,1
"lad_mean",37.7266870188114,"Total surface fuels",9,1
"Alpha_Vol_m3",23.3116825987948,"Total surface fuels",9,1
"Anisotropy_sd",21.6186979691032,"Total surface fuels",9,1
"Percent.Below.30th.Quantile",302.079036436415,"Total surface fuels",9,2
"Percent.Below.40th.Quantile",239.002801883823,"Total surface fuels",9,2
"lad_mean",161.645185783714,"Total surface fuels",9,2
"lad_sum",158.117785490884,"Total surface fuels",9,2
"Ny_mean",146.928967650505,"Total surface fuels",9,2
"zq65",143.967013392493,"Total surface fuels",9,2
"zq45",118.237571076028,"Total surface fuels",9,2
"zq60",118.008039100516,"Total surface fuels",9,2
"PC_Strata_0.00.0.25",115.945776126359,"Total surface fuels",9,2
"zq80",107.734777786196,"Total surface fuels",9,2
"Percent.Below.30th.Quantile",2428.40861357092,"Total surface fuels",9,3
"Percent.Below.40th.Quantile",382.410222395211,"Total surface fuels",9,3
"Ny_mean",76.1188236278156,"Total surface fuels",9,3
"lad_sum",68.653164238954,"Total surface fuels",9,3
"Total_PAD_RelZ1.05_2.00",47.4214314651314,"Total surface fuels",9,3
"Alpha_Vol_m3",28.0594332770614,"Total surface fuels",9,3
"mean_vox_ht",22.8426770693453,"Total surface fuels",9,3
"Anisotropy_sd",22.4637468679538,"Total surface fuels",9,3
"lad_mean",14.9015421888128,"Total surface fuels",9,3
"zpcum1",10.0208571311241,"Total surface fuels",9,3
"Percent.Below.40th.Quantile",1142.12306146989,"Total surface fuels",9,4
"Percent.Below.30th.Quantile",604.172119650024,"Total surface fuels",9,4
"lad_sum",263.378588716869,"Total surface fuels",9,4
"Ny_mean",74.0754607805223,"Total surface fuels",9,4
"mean_vox_ht",47.038712924884,"Total surface fuels",9,4
"lad_mean",45.6928307408193,"Total surface fuels",9,4
"Total_PAD_RelZ1.05_2.00",41.3559905172552,"Total surface fuels",9,4
"Anisotropy_sd",18.2068771367761,"Total surface fuels",9,4
"zq50",14.7559283103445,"Total surface fuels",9,4
"zq80",12.2479629411542,"Total surface fuels",9,4
"Percent.Below.30th.Quantile",80.9219382375793,"Total surface fuels",9,5
"lad_sum",63.7054865964651,"Total surface fuels",9,5
"lad_mean",61.6186066016498,"Total surface fuels",9,5
"Anisotropy_sd",58.9513487815888,"Total surface fuels",9,5
"Ny_mean",42.3009835559553,"Total surface fuels",9,5
"zq60",40.7345523686229,"Total surface fuels",9,5
"zpcum1",37.9848945823033,"Total surface fuels",9,5
"mean_vox_ht",37.4557910155008,"Total surface fuels",9,5
"Total_PAD_RelZ1.05_2.00",36.5740788457981,"Total surface fuels",9,5
"Percent.Below.10th.Quantile",33.9666903014224,"Total surface fuels",9,5
"Percent.Below.40th.Quantile",969.571337327343,"Total surface fuels",10,1
"Percent.Below.30th.Quantile",955.426481751165,"Total surface fuels",10,1
"Ny_mean",85.572395851871,"Total surface fuels",10,1
"lad_sum",75.7470518410939,"Total surface fuels",10,1
"Total_PAD_RelZ1.05_2.00",40.0085224197165,"Total surface fuels",10,1
"zq50",37.3418538187608,"Total surface fuels",10,1
"Anisotropy_sd",18.0871032225292,"Total surface fuels",10,1
"Alpha_Vol_m3",16.485220823008,"Total surface fuels",10,1
"mean_vox_ht",16.4239763658027,"Total surface fuels",10,1
"zq65",15.7662785124028,"Total surface fuels",10,1
"Percent.Below.30th.Quantile",73.9783241489333,"Total surface fuels",10,2
"Anisotropy_sd",67.8011265273613,"Total surface fuels",10,2
"lad_sum",64.9389060299018,"Total surface fuels",10,2
"lad_mean",54.7097404162646,"Total surface fuels",10,2
"Ny_mean",46.7250450434358,"Total surface fuels",10,2
"zpcum1",40.5265669524209,"Total surface fuels",10,2
"zq70",33.9122936820489,"Total surface fuels",10,2
"Percent.Below.10th.Quantile",31.9883602022186,"Total surface fuels",10,2
"zq60",31.0458535996832,"Total surface fuels",10,2
"zq45",30.6647186027929,"Total surface fuels",10,2
"Percent.Below.30th.Quantile",338.327249390651,"Total surface fuels",10,3
"Percent.Below.40th.Quantile",333.067605837315,"Total surface fuels",10,3
"lad_mean",173.34008465462,"Total surface fuels",10,3
"lad_sum",162.743909847426,"Total surface fuels",10,3
"Ny_mean",140.695370096949,"Total surface fuels",10,3
"zq60",125.968974105617,"Total surface fuels",10,3
"zq45",115.376500337482,"Total surface fuels",10,3
"zq70",110.613070334506,"Total surface fuels",10,3
"zq50",107.235239625531,"Total surface fuels",10,3
"zq80",106.2991359586,"Total surface fuels",10,3
"Percent.Below.30th.Quantile",882.328573329623,"Total surface fuels",10,4
"lad_sum",769.937082244938,"Total surface fuels",10,4
"Percent.Below.40th.Quantile",579.718850739453,"Total surface fuels",10,4
"lad_mean",290.776956322097,"Total surface fuels",10,4
"Ny_mean",151.181244357367,"Total surface fuels",10,4
"mean_vox_ht",43.8226618974892,"Total surface fuels",10,4
"Anisotropy_sd",30.2657747708595,"Total surface fuels",10,4
"zpcum1",24.8695406043639,"Total surface fuels",10,4
"zq50",22.3492216339967,"Total surface fuels",10,4
"Percent.Below.10th.Quantile",19.4971689559774,"Total surface fuels",10,4
"Percent.Below.30th.Quantile",1075.93198094283,"Total surface fuels",10,5
"Percent.Below.40th.Quantile",653.372445522725,"Total surface fuels",10,5
"lad_sum",283.123595421365,"Total surface fuels",10,5
"Ny_mean",165.209110838203,"Total surface fuels",10,5
"lad_mean",164.47234820739,"Total surface fuels",10,5
"Anisotropy_sd",60.849315803894,"Total surface fuels",10,5
"Total_PAD_RelZ1.05_2.00",53.3288160636978,"Total surface fuels",10,5
"zq60",32.152329040175,"Total surface fuels",10,5
"mean_vox_ht",30.2830104608606,"Total surface fuels",10,5
"Alpha_Vol_m3",28.2862088270891,"Total surface fuels",10,5
"imean",0.0137568458912647,"Herbaceous fuels",1,1
"Eigentropy_mean",0.0115250455931277,"Herbaceous fuels",1,1
"eSum_mean",0.0113185811435543,"Herbaceous fuels",1,1
"Anisotropy_mean",0.0102439596457938,"Herbaceous fuels",1,1
"Omnivariance_mean",0.0102130020934765,"Herbaceous fuels",1,1
"eSmallest_sd",0.00968874709007293,"Herbaceous fuels",1,1
"eSmallest_mean",0.00863529377571486,"Herbaceous fuels",1,1
"Sphericity_sd",0.00840911264624288,"Herbaceous fuels",1,1
"Sphericity_mean",0.00732778175346755,"Herbaceous fuels",1,1
"Mean_PropOcc_RelZ1.05_2.00",0.00718916782868498,"Herbaceous fuels",1,1
"Omnivariance_mean",0.0151999416145691,"Herbaceous fuels",1,2
"Anisotropy_mean",0.0151221756128012,"Herbaceous fuels",1,2
"eSmallest_mean",0.0138609547353463,"Herbaceous fuels",1,2
"Eigentropy_mean",0.0136095463292484,"Herbaceous fuels",1,2
"imean",0.0115591841949404,"Herbaceous fuels",1,2
"Sphericity_sd",0.0111720026177916,"Herbaceous fuels",1,2
"Percent.Below.20th.Quantile",0.0111133733603353,"Herbaceous fuels",1,2
"eSum_mean",0.0109957995135771,"Herbaceous fuels",1,2
"Sphericity_mean",0.0108506333208931,"Herbaceous fuels",1,2
"ChangeCurvature_mean",0.0107546731355802,"Herbaceous fuels",1,2
"eSmallest_sd",0.035523154325818,"Herbaceous fuels",1,3
"imean",0.0246908890758269,"Herbaceous fuels",1,3
"iskew",0.0205021707825235,"Herbaceous fuels",1,3
"Sphericity_sd",0.0153839538975022,"Herbaceous fuels",1,3
"Omnivariance_mean",0.0141153940866428,"Herbaceous fuels",1,3
"eSmallest_mean",0.0123567661453597,"Herbaceous fuels",1,3
"Eigentropy_mean",0.0121082609391745,"Herbaceous fuels",1,3
"Anisotropy_mean",0.00809624783510902,"Herbaceous fuels",1,3
"PC_Strata_0.25.0.50",0.00761933237057145,"Herbaceous fuels",1,3
"eSum_mean",0.00747169071206774,"Herbaceous fuels",1,3
"Anisotropy_mean",0.0146307225104095,"Herbaceous fuels",1,4
"Omnivariance_mean",0.0143598825892384,"Herbaceous fuels",1,4
"eSmallest_mean",0.0142766646898088,"Herbaceous fuels",1,4
"imean",0.013261114802235,"Herbaceous fuels",1,4
"Curvature_mean",0.0120598153282442,"Herbaceous fuels",1,4
"eSum_mean",0.0119673434245156,"Herbaceous fuels",1,4
"Eigentropy_mean",0.0118424228210553,"Herbaceous fuels",1,4
"Sphericity_sd",0.0117967439762043,"Herbaceous fuels",1,4
"Sphericity_mean",0.0115538932538093,"Herbaceous fuels",1,4
"eSmallest_sd",0.0112059804906139,"Herbaceous fuels",1,4
"imean",0.0476695776459979,"Herbaceous fuels",1,5
"Omnivariance_mean",0.0403530380576545,"Herbaceous fuels",1,5
"Eigentropy_mean",0.0249292520183612,"Herbaceous fuels",1,5
"eSmallest_sd",0.0202220901096567,"Herbaceous fuels",1,5
"Percent.Below.20th.Quantile",0.0156425898886496,"Herbaceous fuels",1,5
"eSum_mean",0.0103864560373539,"Herbaceous fuels",1,5
"Kurt_PropOcc_RelZ0_0.25",0.0103198413173806,"Herbaceous fuels",1,5
"SD_PropOcc_RelZ1.05_2.00",0.00926535172789653,"Herbaceous fuels",1,5
"Anisotropy_mean",0.00862806386805778,"Herbaceous fuels",1,5
"Sphericity_sd",0.00689817075969587,"Herbaceous fuels",1,5
"imean",0.0435503534724973,"Herbaceous fuels",2,1
"Eigentropy_mean",0.0192376583497936,"Herbaceous fuels",2,1
"eSum_mean",0.0167182209932214,"Herbaceous fuels",2,1
"eSmallest_sd",0.0147940710855392,"Herbaceous fuels",2,1
"Omnivariance_mean",0.0145177890676872,"Herbaceous fuels",2,1
"Percent.Below.20th.Quantile",0.0117865916888529,"Herbaceous fuels",2,1
"iskew",0.01120845201709,"Herbaceous fuels",2,1
"PC_Strata_0.25.0.50",0.00871118342252495,"Herbaceous fuels",2,1
"Sphericity_sd",0.0080730131468138,"Herbaceous fuels",2,1
"eSmallest_mean",0.00741570857313927,"Herbaceous fuels",2,1
"Omnivariance_mean",0.0144870476667556,"Herbaceous fuels",2,2
"eSmallest_mean",0.0140704645790401,"Herbaceous fuels",2,2
"imean",0.0135979384462789,"Herbaceous fuels",2,2
"Eigentropy_mean",0.0129526060089779,"Herbaceous fuels",2,2
"Anisotropy_mean",0.0127082943438334,"Herbaceous fuels",2,2
"Sphericity_mean",0.0121917298918347,"Herbaceous fuels",2,2
"ChangeCurvature_mean",0.0119997029284034,"Herbaceous fuels",2,2
"Sphericity_sd",0.0119154729208643,"Herbaceous fuels",2,2
"eSmallest_sd",0.0106878508008403,"Herbaceous fuels",2,2
"eSum_mean",0.0104015849241573,"Herbaceous fuels",2,2
"Eigentropy_mean",0.0170623886148865,"Herbaceous fuels",2,3
"eSum_mean",0.0154994884750342,"Herbaceous fuels",2,3
"Omnivariance_mean",0.0142303872791372,"Herbaceous fuels",2,3
"eSmallest_sd",0.0140529675851553,"Herbaceous fuels",2,3
"Anisotropy_mean",0.0137937339979498,"Herbaceous fuels",2,3
"Sphericity_sd",0.013776983652612,"Herbaceous fuels",2,3
"Sphericity_mean",0.0126979543044326,"Herbaceous fuels",2,3
"eSmallest_mean",0.0126368786004509,"Herbaceous fuels",2,3
"Curvature_mean",0.00964292491650879,"Herbaceous fuels",2,3
"ChangeCurvature_mean",0.00880885501582475,"Herbaceous fuels",2,3
"Omnivariance_mean",0.0130091192915397,"Herbaceous fuels",2,4
"imean",0.0128043995926694,"Herbaceous fuels",2,4
"Anisotropy_mean",0.0122698565614194,"Herbaceous fuels",2,4
"eSmallest_sd",0.0120243296062822,"Herbaceous fuels",2,4
"eSmallest_mean",0.0118665276028108,"Herbaceous fuels",2,4
"Curvature_mean",0.0118361502428373,"Herbaceous fuels",2,4
"Sphericity_mean",0.0113027044353062,"Herbaceous fuels",2,4
"Eigentropy_mean",0.0110466032364457,"Herbaceous fuels",2,4
"Sphericity_sd",0.0109114412512605,"Herbaceous fuels",2,4
"eSum_mean",0.0101380821516638,"Herbaceous fuels",2,4
"Omnivariance_mean",0.0154209875054874,"Herbaceous fuels",2,5
"imean",0.0148358533612638,"Herbaceous fuels",2,5
"Eigentropy_mean",0.0126306237165787,"Herbaceous fuels",2,5
"eSum_mean",0.0124328439080938,"Herbaceous fuels",2,5
"eSmallest_mean",0.0112688886208451,"Herbaceous fuels",2,5
"Sphericity_mean",0.0105378738257137,"Herbaceous fuels",2,5
"Anisotropy_mean",0.0103938683421192,"Herbaceous fuels",2,5
"ChangeCurvature_mean",0.00943134565585298,"Herbaceous fuels",2,5
"Curvature_mean",0.00942619690770179,"Herbaceous fuels",2,5
"eSmallest_sd",0.00884830158043935,"Herbaceous fuels",2,5
"imean",0.0114612579638721,"Herbaceous fuels",3,1
"Sphericity_mean",0.0101320284311275,"Herbaceous fuels",3,1
"Eigentropy_mean",0.0100988115950332,"Herbaceous fuels",3,1
"Omnivariance_mean",0.00973031560150303,"Herbaceous fuels",3,1
"Anisotropy_mean",0.0096403506912242,"Herbaceous fuels",3,1
"eSmallest_mean",0.00957010902372075,"Herbaceous fuels",3,1
"eSum_mean",0.00879998571036851,"Herbaceous fuels",3,1
"eSmallest_sd",0.00838318017762872,"Herbaceous fuels",3,1
"iskew",0.00809444874173301,"Herbaceous fuels",3,1
"Planarity_sd",0.0078731460702928,"Herbaceous fuels",3,1
"Omnivariance_mean",0.0184209791303223,"Herbaceous fuels",3,2
"Eigentropy_mean",0.0160540707308396,"Herbaceous fuels",3,2
"eSmallest_mean",0.0137657359150316,"Herbaceous fuels",3,2
"eSmallest_sd",0.0136676359204134,"Herbaceous fuels",3,2
"eSum_mean",0.0127532119601148,"Herbaceous fuels",3,2
"imean",0.0120611596985384,"Herbaceous fuels",3,2
"Sphericity_sd",0.0112629630588682,"Herbaceous fuels",3,2
"Sphericity_mean",0.0109136152200468,"Herbaceous fuels",3,2
"Curvature_mean",0.0106953674323996,"Herbaceous fuels",3,2
"ChangeCurvature_mean",0.0106187551580757,"Herbaceous fuels",3,2
"imean",0.0140839589898745,"Herbaceous fuels",3,3
"Eigentropy_mean",0.0140669468410711,"Herbaceous fuels",3,3
"Omnivariance_mean",0.013810254198523,"Herbaceous fuels",3,3
"eSum_mean",0.0130979250619734,"Herbaceous fuels",3,3
"eSmallest_mean",0.0116871723007749,"Herbaceous fuels",3,3
"Anisotropy_mean",0.0103974390874479,"Herbaceous fuels",3,3
"eSmallest_sd",0.00981657024406153,"Herbaceous fuels",3,3
"Sphericity_sd",0.00978450332779325,"Herbaceous fuels",3,3
"Sphericity_mean",0.00968914913376567,"Herbaceous fuels",3,3
"Curvature_mean",0.00963672330337921,"Herbaceous fuels",3,3
"imean",0.0390129572606586,"Herbaceous fuels",3,4
"Omnivariance_mean",0.0312816068036832,"Herbaceous fuels",3,4
"Eigentropy_mean",0.0230632823170024,"Herbaceous fuels",3,4
"Anisotropy_mean",0.0225379621703619,"Herbaceous fuels",3,4
"eSmallest_mean",0.0133861069801787,"Herbaceous fuels",3,4
"eSmallest_sd",0.0120619278700601,"Herbaceous fuels",3,4
"eSum_mean",0.0119572543471336,"Herbaceous fuels",3,4
"Sphericity_sd",0.0112393526516325,"Herbaceous fuels",3,4
"iskew",0.0104330611761576,"Herbaceous fuels",3,4
"SD_PropOcc_RelZ1.05_2.00",0.00901243451826184,"Herbaceous fuels",3,4
"eSmallest_sd",0.0168001696871642,"Herbaceous fuels",3,5
"Eigentropy_mean",0.014591698788677,"Herbaceous fuels",3,5
"Anisotropy_mean",0.0140401239545733,"Herbaceous fuels",3,5
"eSmallest_mean",0.0130526341044213,"Herbaceous fuels",3,5
"eSum_mean",0.0124408080212513,"Herbaceous fuels",3,5
"Sphericity_sd",0.0119492019947261,"Herbaceous fuels",3,5
"Omnivariance_mean",0.0115584455584093,"Herbaceous fuels",3,5
"Sphericity_mean",0.0112338753229522,"Herbaceous fuels",3,5
"imean",0.0106137950269481,"Herbaceous fuels",3,5
"Curvature_mean",0.0094611071508988,"Herbaceous fuels",3,5
"imean",0.0151263857522936,"Herbaceous fuels",4,1
"Omnivariance_mean",0.0150872906351504,"Herbaceous fuels",4,1
"Eigentropy_mean",0.0148050396816846,"Herbaceous fuels",4,1
"eSum_mean",0.0139667215311353,"Herbaceous fuels",4,1
"eSmallest_mean",0.0130171103923886,"Herbaceous fuels",4,1
"eSmallest_sd",0.012285992683956,"Herbaceous fuels",4,1
"Sphericity_mean",0.0119480976234085,"Herbaceous fuels",4,1
"Anisotropy_mean",0.0113825073760309,"Herbaceous fuels",4,1
"Curvature_mean",0.0104484122661679,"Herbaceous fuels",4,1
"Sphericity_sd",0.0100475882183838,"Herbaceous fuels",4,1
"Omnivariance_mean",0.0401770013330837,"Herbaceous fuels",4,2
"imean",0.037265413454072,"Herbaceous fuels",4,2
"Eigentropy_mean",0.0231974255810014,"Herbaceous fuels",4,2
"eSmallest_mean",0.0215536315183725,"Herbaceous fuels",4,2
"Percent_EmptySpace_RelZ1.05_2.00",0.0141223378303639,"Herbaceous fuels",4,2
"eSmallest_sd",0.0134796489942549,"Herbaceous fuels",4,2
"Anisotropy_mean",0.0119662718421732,"Herbaceous fuels",4,2
"iskew",0.010585206591058,"Herbaceous fuels",4,2
"eSum_mean",0.00914033825408151,"Herbaceous fuels",4,2
"PC_Strata_0.25.0.50",0.00900379452027145,"Herbaceous fuels",4,2
"imean",0.0146620699180099,"Herbaceous fuels",4,3
"Omnivariance_mean",0.0139946365174297,"Herbaceous fuels",4,3
"Eigentropy_mean",0.0126030785841877,"Herbaceous fuels",4,3
"eSum_mean",0.0120942882438418,"Herbaceous fuels",4,3
"Sphericity_mean",0.0118845737882482,"Herbaceous fuels",4,3
"Sphericity_sd",0.0117358633906203,"Herbaceous fuels",4,3
"eSmallest_mean",0.0113728111272562,"Herbaceous fuels",4,3
"eSmallest_sd",0.0109510947894825,"Herbaceous fuels",4,3
"Anisotropy_mean",0.0108123649069066,"Herbaceous fuels",4,3
"Curvature_mean",0.00951331719986344,"Herbaceous fuels",4,3
"Omnivariance_mean",0.0117153559559745,"Herbaceous fuels",4,4
"Eigentropy_mean",0.0103838772137876,"Herbaceous fuels",4,4
"eSmallest_mean",0.00885075045250832,"Herbaceous fuels",4,4
"eSum_mean",0.00806553273429637,"Herbaceous fuels",4,4
"Anisotropy_mean",0.00734608436967308,"Herbaceous fuels",4,4
"Planarity_sd",0.00730957184331076,"Herbaceous fuels",4,4
"Sphericity_mean",0.00721438333528551,"Herbaceous fuels",4,4
"imean",0.00709010129779803,"Herbaceous fuels",4,4
"Curvature_mean",0.00692410999587745,"Herbaceous fuels",4,4
"NormalChangeRate_sd",0.00691674355141664,"Herbaceous fuels",4,4
"imean",0.0171423685576581,"Herbaceous fuels",4,5
"Omnivariance_mean",0.0145809823361798,"Herbaceous fuels",4,5
"Eigentropy_mean",0.0136914535599294,"Herbaceous fuels",4,5
"eSmallest_mean",0.0135903876087631,"Herbaceous fuels",4,5
"Sphericity_sd",0.0134312722238414,"Herbaceous fuels",4,5
"eSmallest_sd",0.0133719214711342,"Herbaceous fuels",4,5
"ChangeCurvature_mean",0.0122632193194325,"Herbaceous fuels",4,5
"Anisotropy_mean",0.0122003837335813,"Herbaceous fuels",4,5
"eSum_mean",0.0117713937929809,"Herbaceous fuels",4,5
"Sphericity_mean",0.0113203341780693,"Herbaceous fuels",4,5
"imean",0.0323021627178049,"Herbaceous fuels",5,1
"Omnivariance_mean",0.0256614184486872,"Herbaceous fuels",5,1
"Eigentropy_mean",0.0216795708037283,"Herbaceous fuels",5,1
"iskew",0.0194036465481575,"Herbaceous fuels",5,1
"eSmallest_mean",0.0151359148282111,"Herbaceous fuels",5,1
"eSum_mean",0.0121078571684688,"Herbaceous fuels",5,1
"eSmallest_sd",0.0101906328699817,"Herbaceous fuels",5,1
"Sphericity_sd",0.00877794291839087,"Herbaceous fuels",5,1
"Percent.Below.20th.Quantile",0.00773774154791695,"Herbaceous fuels",5,1
"Planarity_sd",0.00718779643247308,"Herbaceous fuels",5,1
"Eigentropy_mean",0.0152797320731697,"Herbaceous fuels",5,2
"Omnivariance_mean",0.0138335474069944,"Herbaceous fuels",5,2
"Anisotropy_mean",0.0126225966559822,"Herbaceous fuels",5,2
"eSum_mean",0.0126080826448571,"Herbaceous fuels",5,2
"imean",0.0123567614116075,"Herbaceous fuels",5,2
"Sphericity_sd",0.0119961976569104,"Herbaceous fuels",5,2
"Sphericity_mean",0.0118630519809368,"Herbaceous fuels",5,2
"Percent_EmptySpace_RelZ1.05_2.00",0.0111946263015803,"Herbaceous fuels",5,2
"eSmallest_sd",0.0104447770636292,"Herbaceous fuels",5,2
"ChangeCurvature_mean",0.0101935708924671,"Herbaceous fuels",5,2
"Eigentropy_mean",0.0145358417866811,"Herbaceous fuels",5,3
"imean",0.0137185465687477,"Herbaceous fuels",5,3
"eSum_mean",0.01353961855041,"Herbaceous fuels",5,3
"Omnivariance_mean",0.0117460784599929,"Herbaceous fuels",5,3
"Anisotropy_mean",0.0105846932588672,"Herbaceous fuels",5,3
"eSmallest_sd",0.0105371642874902,"Herbaceous fuels",5,3
"Curvature_mean",0.0099176492760262,"Herbaceous fuels",5,3
"ChangeCurvature_mean",0.00986886714495672,"Herbaceous fuels",5,3
"eSmallest_mean",0.00986422162794202,"Herbaceous fuels",5,3
"Sphericity_mean",0.0093037109035617,"Herbaceous fuels",5,3
"imean",0.052336579280184,"Herbaceous fuels",5,4
"Omnivariance_mean",0.0312092020933045,"Herbaceous fuels",5,4
"Anisotropy_mean",0.0249933044208207,"Herbaceous fuels",5,4
"Percent.Below.20th.Quantile",0.011023698967803,"Herbaceous fuels",5,4
"Sphericity_sd",0.00913385332923471,"Herbaceous fuels",5,4
"iskew",0.00905082893261813,"Herbaceous fuels",5,4
"Percent_EmptySpace_RelZ1.05_2.00",0.00864702396888286,"Herbaceous fuels",5,4
"eSmallest_sd",0.00762024913154395,"Herbaceous fuels",5,4
"PC_Strata_0.25.0.50",0.00674235323931852,"Herbaceous fuels",5,4
"eSmallest_mean",0.00667055188562275,"Herbaceous fuels",5,4
"eSum_mean",0.0165125241157978,"Herbaceous fuels",5,5
"Eigentropy_mean",0.0147698301437943,"Herbaceous fuels",5,5
"Omnivariance_mean",0.0146371347077161,"Herbaceous fuels",5,5
"eSmallest_sd",0.0132035299890473,"Herbaceous fuels",5,5
"Sphericity_mean",0.0130365854693108,"Herbaceous fuels",5,5
"eSmallest_mean",0.0125431573815181,"Herbaceous fuels",5,5
"Sphericity_sd",0.0118884346261462,"Herbaceous fuels",5,5
"Anisotropy_mean",0.0118559988154971,"Herbaceous fuels",5,5
"ChangeCurvature_mean",0.0103777911532141,"Herbaceous fuels",5,5
"Curvature_mean",0.0101581731806597,"Herbaceous fuels",5,5
"Eigentropy_mean",0.0163622181833331,"Herbaceous fuels",6,1
"Omnivariance_mean",0.0161748314283412,"Herbaceous fuels",6,1
"Anisotropy_mean",0.0155931943402861,"Herbaceous fuels",6,1
"imean",0.0148350298262446,"Herbaceous fuels",6,1
"eSmallest_mean",0.0146817391977856,"Herbaceous fuels",6,1
"eSum_mean",0.0143809690679005,"Herbaceous fuels",6,1
"Sphericity_mean",0.0140947453412524,"Herbaceous fuels",6,1
"Sphericity_sd",0.0126664070407466,"Herbaceous fuels",6,1
"eSmallest_sd",0.0124687701035695,"Herbaceous fuels",6,1
"Curvature_mean",0.0116657144784591,"Herbaceous fuels",6,1
"Sphericity_mean",0.0147374610980729,"Herbaceous fuels",6,2
"eSmallest_mean",0.0140141232344907,"Herbaceous fuels",6,2
"eSmallest_sd",0.0125768133190389,"Herbaceous fuels",6,2
"Anisotropy_mean",0.0117412719280657,"Herbaceous fuels",6,2
"Eigentropy_mean",0.0114391306482075,"Herbaceous fuels",6,2
"Sphericity_sd",0.0113238114394696,"Herbaceous fuels",6,2
"eSum_mean",0.0108563341508174,"Herbaceous fuels",6,2
"Curvature_mean",0.0108507679042609,"Herbaceous fuels",6,2
"Omnivariance_mean",0.00990108766025196,"Herbaceous fuels",6,2
"ChangeCurvature_mean",0.00911967944560588,"Herbaceous fuels",6,2
"Omnivariance_mean",0.0117494809810179,"Herbaceous fuels",6,3
"imean",0.0117166306895763,"Herbaceous fuels",6,3
"eSmallest_mean",0.0101661701603888,"Herbaceous fuels",6,3
"Eigentropy_mean",0.0093112348232919,"Herbaceous fuels",6,3
"Anisotropy_mean",0.00928568659752874,"Herbaceous fuels",6,3
"Sphericity_mean",0.0082772770968606,"Herbaceous fuels",6,3
"iskew",0.00808669895942456,"Herbaceous fuels",6,3
"Percent.Below.20th.Quantile",0.00804622289880388,"Herbaceous fuels",6,3
"Percent_EmptySpace_RelZ1.05_2.00",0.00797966154413395,"Herbaceous fuels",6,3
"eSum_mean",0.00789220510216329,"Herbaceous fuels",6,3
"Eigentropy_mean",0.0148134445306693,"Herbaceous fuels",6,4
"Omnivariance_mean",0.013838189358839,"Herbaceous fuels",6,4
"eSmallest_mean",0.0137618576470364,"Herbaceous fuels",6,4
"eSmallest_sd",0.0129443194480769,"Herbaceous fuels",6,4
"imean",0.0126431325918868,"Herbaceous fuels",6,4
"Anisotropy_mean",0.0121304785366256,"Herbaceous fuels",6,4
"Curvature_mean",0.0119494154369731,"Herbaceous fuels",6,4
"Sphericity_sd",0.0117150819434197,"Herbaceous fuels",6,4
"eSum_mean",0.0115417661676201,"Herbaceous fuels",6,4
"Sphericity_mean",0.0114028705247155,"Herbaceous fuels",6,4
"imean",0.0169715409654182,"Herbaceous fuels",6,5
"Eigentropy_mean",0.0158648558500619,"Herbaceous fuels",6,5
"Omnivariance_mean",0.0150658206459957,"Herbaceous fuels",6,5
"eSum_mean",0.0144696401920021,"Herbaceous fuels",6,5
"eSmallest_mean",0.0128794523337355,"Herbaceous fuels",6,5
"Sphericity_sd",0.0118364117623979,"Herbaceous fuels",6,5
"Anisotropy_mean",0.0116219759520209,"Herbaceous fuels",6,5
"eSmallest_sd",0.0112399374514072,"Herbaceous fuels",6,5
"Sphericity_mean",0.0100358227776595,"Herbaceous fuels",6,5
"Curvature_mean",0.00995235280618183,"Herbaceous fuels",6,5
"imean",0.0171430373252731,"Herbaceous fuels",7,1
"eSmallest_sd",0.0151116603851368,"Herbaceous fuels",7,1
"Anisotropy_mean",0.0134979759057967,"Herbaceous fuels",7,1
"Omnivariance_mean",0.010665563258321,"Herbaceous fuels",7,1
"Sphericity_sd",0.00979883537584091,"Herbaceous fuels",7,1
"Eigentropy_mean",0.00867072549697477,"Herbaceous fuels",7,1
"iskew",0.00851609402687362,"Herbaceous fuels",7,1
"SD_PropOcc_RelZ1.05_2.00",0.00636921260715783,"Herbaceous fuels",7,1
"eSmallest_mean",0.00607550707497492,"Herbaceous fuels",7,1
"Percent.Below.20th.Quantile",0.00589646197196578,"Herbaceous fuels",7,1
"Anisotropy_mean",0.0419485681461332,"Herbaceous fuels",7,2
"imean",0.0415136662322166,"Herbaceous fuels",7,2
"Omnivariance_mean",0.0412982413749065,"Herbaceous fuels",7,2
"Eigentropy_mean",0.0366239765546369,"Herbaceous fuels",7,2
"eSum_mean",0.0111800179532166,"Herbaceous fuels",7,2
"Kurt_PropOcc_RelZ0_0.25",0.00927933132326618,"Herbaceous fuels",7,2
"eSmallest_mean",0.00860160275904366,"Herbaceous fuels",7,2
"eSmallest_sd",0.00758610908390858,"Herbaceous fuels",7,2
"Percent.Below.20th.Quantile",0.00706884497150425,"Herbaceous fuels",7,2
"PC_Strata_0.25.0.50",0.00579567049582639,"Herbaceous fuels",7,2
"Omnivariance_mean",0.0147760379542412,"Herbaceous fuels",7,3
"imean",0.0137220418874535,"Herbaceous fuels",7,3
"Eigentropy_mean",0.0132686032244864,"Herbaceous fuels",7,3
"eSmallest_mean",0.0131540617186971,"Herbaceous fuels",7,3
"eSum_mean",0.0117595504533707,"Herbaceous fuels",7,3
"ChangeCurvature_mean",0.0112932626259584,"Herbaceous fuels",7,3
"Anisotropy_mean",0.0109940383798681,"Herbaceous fuels",7,3
"eSmallest_sd",0.0107318987914269,"Herbaceous fuels",7,3
"Percent.Below.20th.Quantile",0.0104686100479659,"Herbaceous fuels",7,3
"Sphericity_mean",0.010143893608081,"Herbaceous fuels",7,3
"Omnivariance_mean",0.0169347313614869,"Herbaceous fuels",7,4
"imean",0.0149866883208298,"Herbaceous fuels",7,4
"Eigentropy_mean",0.0142828156126316,"Herbaceous fuels",7,4
"eSmallest_mean",0.0130209739366964,"Herbaceous fuels",7,4
"eSmallest_sd",0.0125372481696055,"Herbaceous fuels",7,4
"Sphericity_mean",0.0122242776712945,"Herbaceous fuels",7,4
"Curvature_mean",0.0121183688732243,"Herbaceous fuels",7,4
"Anisotropy_mean",0.0121082644886545,"Herbaceous fuels",7,4
"ChangeCurvature_mean",0.0120450493816126,"Herbaceous fuels",7,4
"eSum_mean",0.0117962260673426,"Herbaceous fuels",7,4
"imean",0.029747256388799,"Herbaceous fuels",7,5
"Eigentropy_mean",0.0287893749903819,"Herbaceous fuels",7,5
"Omnivariance_mean",0.021673489362103,"Herbaceous fuels",7,5
"eSum_mean",0.0215564991633461,"Herbaceous fuels",7,5
"eSmallest_sd",0.0196319802839531,"Herbaceous fuels",7,5
"iskew",0.011751995360621,"Herbaceous fuels",7,5
"eSmallest_mean",0.0112328315967567,"Herbaceous fuels",7,5
"Sphericity_sd",0.0104549547074946,"Herbaceous fuels",7,5
"Anisotropy_mean",0.00974693349924067,"Herbaceous fuels",7,5
"Percent_EmptySpace_RelZ1.05_2.00",0.00780902208690647,"Herbaceous fuels",7,5
"imean",0.0151868070569767,"Herbaceous fuels",8,1
"Omnivariance_mean",0.0146074527426442,"Herbaceous fuels",8,1
"Anisotropy_mean",0.0133508993202361,"Herbaceous fuels",8,1
"eSmallest_mean",0.0132713480712919,"Herbaceous fuels",8,1
"Sphericity_sd",0.0126255215905542,"Herbaceous fuels",8,1
"Eigentropy_mean",0.0125103178035269,"Herbaceous fuels",8,1
"Curvature_mean",0.0122042717903016,"Herbaceous fuels",8,1
"ChangeCurvature_mean",0.0121968259429482,"Herbaceous fuels",8,1
"Sphericity_mean",0.0120069309630533,"Herbaceous fuels",8,1
"eSmallest_sd",0.0114285848169767,"Herbaceous fuels",8,1
"Omnivariance_mean",0.0160113108062426,"Herbaceous fuels",8,2
"Eigentropy_mean",0.0138849632404636,"Herbaceous fuels",8,2
"eSmallest_mean",0.0134665496721351,"Herbaceous fuels",8,2
"Anisotropy_mean",0.0129645797259505,"Herbaceous fuels",8,2
"eSum_mean",0.0126212743412669,"Herbaceous fuels",8,2
"eSmallest_sd",0.0125656994038499,"Herbaceous fuels",8,2
"Sphericity_mean",0.0122233473208498,"Herbaceous fuels",8,2
"Curvature_mean",0.0111774662581688,"Herbaceous fuels",8,2
"Sphericity_sd",0.0105442832687183,"Herbaceous fuels",8,2
"ChangeCurvature_mean",0.0102723286726307,"Herbaceous fuels",8,2
"eSmallest_mean",0.0147889669700708,"Herbaceous fuels",8,3
"Omnivariance_mean",0.0141554254129585,"Herbaceous fuels",8,3
"eSmallest_sd",0.0137937572144747,"Herbaceous fuels",8,3
"Anisotropy_mean",0.0132724492352142,"Herbaceous fuels",8,3
"Eigentropy_mean",0.0127875780922697,"Herbaceous fuels",8,3
"eSum_mean",0.0127578376797885,"Herbaceous fuels",8,3
"imean",0.0124998228296345,"Herbaceous fuels",8,3
"Sphericity_sd",0.0121859604078896,"Herbaceous fuels",8,3
"Curvature_mean",0.0116472231100343,"Herbaceous fuels",8,3
"Sphericity_mean",0.0110641752976343,"Herbaceous fuels",8,3
"imean",0.0149427456538963,"Herbaceous fuels",8,4
"Omnivariance_mean",0.0121115692964371,"Herbaceous fuels",8,4
"Eigentropy_mean",0.0115662974001726,"Herbaceous fuels",8,4
"Anisotropy_mean",0.0104952744976168,"Herbaceous fuels",8,4
"Sphericity_mean",0.0103807195445429,"Herbaceous fuels",8,4
"eSum_mean",0.0099733007464984,"Herbaceous fuels",8,4
"Percent_EmptySpace_RelZ1.05_2.00",0.00939436830353288,"Herbaceous fuels",8,4
"ChangeCurvature_mean",0.00920577297224762,"Herbaceous fuels",8,4
"Percent.Below.20th.Quantile",0.00919614509573106,"Herbaceous fuels",8,4
"Sphericity_sd",0.00910779351798702,"Herbaceous fuels",8,4
"imean",0.0139729759600842,"Herbaceous fuels",8,5
"Omnivariance_mean",0.0132958054855469,"Herbaceous fuels",8,5
"eSum_mean",0.0128013084773425,"Herbaceous fuels",8,5
"Eigentropy_mean",0.0122225696741814,"Herbaceous fuels",8,5
"eSmallest_mean",0.0114022146875897,"Herbaceous fuels",8,5
"Anisotropy_mean",0.00977004324635103,"Herbaceous fuels",8,5
"Curvature_mean",0.00914172071458356,"Herbaceous fuels",8,5
"Sphericity_sd",0.00869029929716644,"Herbaceous fuels",8,5
"eSmallest_sd",0.0084592046475019,"Herbaceous fuels",8,5
"iskew",0.0083629603600502,"Herbaceous fuels",8,5
"Omnivariance_mean",0.013795494672839,"Herbaceous fuels",9,1
"Eigentropy_mean",0.0130482781695915,"Herbaceous fuels",9,1
"eSmallest_mean",0.0127838359019246,"Herbaceous fuels",9,1
"imean",0.012382614480255,"Herbaceous fuels",9,1
"eSum_mean",0.0114224658462796,"Herbaceous fuels",9,1
"Sphericity_mean",0.0107887205315541,"Herbaceous fuels",9,1
"Anisotropy_mean",0.0101199484712962,"Herbaceous fuels",9,1
"eSmallest_sd",0.00982553365322699,"Herbaceous fuels",9,1
"ChangeCurvature_mean",0.00921456412792715,"Herbaceous fuels",9,1
"Curvature_mean",0.00884643757846191,"Herbaceous fuels",9,1
"imean",0.0140288342259482,"Herbaceous fuels",9,2
"Omnivariance_mean",0.013683138501728,"Herbaceous fuels",9,2
"eSmallest_mean",0.0129209966946841,"Herbaceous fuels",9,2
"Sphericity_mean",0.011009987952538,"Herbaceous fuels",9,2
"Eigentropy_mean",0.0108926059457425,"Herbaceous fuels",9,2
"ChangeCurvature_mean",0.01046971707786,"Herbaceous fuels",9,2
"eSmallest_sd",0.0103395750087836,"Herbaceous fuels",9,2
"Anisotropy_mean",0.0101330828805395,"Herbaceous fuels",9,2
"Percent_EmptySpace_RelZ1.05_2.00",0.0100350846069257,"Herbaceous fuels",9,2
"Curvature_mean",0.00992544640073097,"Herbaceous fuels",9,2
"Omnivariance_mean",0.0129266814377906,"Herbaceous fuels",9,3
"Eigentropy_mean",0.012871884508977,"Herbaceous fuels",9,3
"imean",0.0123162534569714,"Herbaceous fuels",9,3
"eSmallest_mean",0.011305181481542,"Herbaceous fuels",9,3
"Anisotropy_mean",0.0112136095376026,"Herbaceous fuels",9,3
"eSum_mean",0.0105479750749059,"Herbaceous fuels",9,3
"Sphericity_mean",0.0101759440412209,"Herbaceous fuels",9,3
"Sphericity_sd",0.010154210524222,"Herbaceous fuels",9,3
"eSmallest_sd",0.00942912325307788,"Herbaceous fuels",9,3
"ChangeCurvature_mean",0.00867284258090738,"Herbaceous fuels",9,3
"Anisotropy_mean",0.0161774935762613,"Herbaceous fuels",9,4
"Omnivariance_mean",0.0150157046944309,"Herbaceous fuels",9,4
"eSum_mean",0.0148432862507309,"Herbaceous fuels",9,4
"eSmallest_mean",0.0147760140785867,"Herbaceous fuels",9,4
"imean",0.013759873597759,"Herbaceous fuels",9,4
"Eigentropy_mean",0.0137558812442391,"Herbaceous fuels",9,4
"eSmallest_sd",0.0124839416898796,"Herbaceous fuels",9,4
"Sphericity_mean",0.0124108459022992,"Herbaceous fuels",9,4
"Sphericity_sd",0.0114353669820607,"Herbaceous fuels",9,4
"ChangeCurvature_mean",0.0109086758963479,"Herbaceous fuels",9,4
"Eigentropy_mean",0.0169258397617518,"Herbaceous fuels",9,5
"Omnivariance_mean",0.0159927681447415,"Herbaceous fuels",9,5
"imean",0.0144738761828955,"Herbaceous fuels",9,5
"Anisotropy_mean",0.0141536799411608,"Herbaceous fuels",9,5
"eSmallest_mean",0.0138120330496578,"Herbaceous fuels",9,5
"eSum_mean",0.0135263274456403,"Herbaceous fuels",9,5
"eSmallest_sd",0.0130209894334468,"Herbaceous fuels",9,5
"Sphericity_mean",0.0123152624503614,"Herbaceous fuels",9,5
"Sphericity_sd",0.0105466211044676,"Herbaceous fuels",9,5
"ChangeCurvature_mean",0.0103056402232846,"Herbaceous fuels",9,5
"imean",0.0168908926062203,"Herbaceous fuels",10,1
"Omnivariance_mean",0.0162179780280724,"Herbaceous fuels",10,1
"eSmallest_mean",0.0160111154558198,"Herbaceous fuels",10,1
"Eigentropy_mean",0.0150312088241645,"Herbaceous fuels",10,1
"eSum_mean",0.0145162114554866,"Herbaceous fuels",10,1
"Sphericity_mean",0.0129458962273455,"Herbaceous fuels",10,1
"Curvature_mean",0.0114441119085336,"Herbaceous fuels",10,1
"eSmallest_sd",0.0114418694397408,"Herbaceous fuels",10,1
"Anisotropy_mean",0.0109505333196878,"Herbaceous fuels",10,1
"Sphericity_sd",0.0104720458904568,"Herbaceous fuels",10,1
"imean",0.0160575729832075,"Herbaceous fuels",10,2
"Omnivariance_mean",0.0131889909430735,"Herbaceous fuels",10,2
"Eigentropy_mean",0.0128659197489857,"Herbaceous fuels",10,2
"eSum_mean",0.0122339867459347,"Herbaceous fuels",10,2
"Anisotropy_mean",0.0112410715562187,"Herbaceous fuels",10,2
"Sphericity_sd",0.0109971182860518,"Herbaceous fuels",10,2
"eSmallest_sd",0.0105445124535967,"Herbaceous fuels",10,2
"Sphericity_mean",0.0100739619119623,"Herbaceous fuels",10,2
"eSmallest_mean",0.00972399578225478,"Herbaceous fuels",10,2
"Curvature_mean",0.00858024528338247,"Herbaceous fuels",10,2
"imean",0.0117193407344387,"Herbaceous fuels",10,3
"eSmallest_sd",0.010407271585534,"Herbaceous fuels",10,3
"eSmallest_mean",0.0103129968842579,"Herbaceous fuels",10,3
"Planarity_sd",0.0092243842213291,"Herbaceous fuels",10,3
"NormalChangeRate_sd",0.0091993195538193,"Herbaceous fuels",10,3
"Omnivariance_mean",0.00901728844239696,"Herbaceous fuels",10,3
"Percent.Below.20th.Quantile",0.00886800563117943,"Herbaceous fuels",10,3
"Anisotropy_mean",0.00884181697610142,"Herbaceous fuels",10,3
"Eigentropy_mean",0.00878173949393625,"Herbaceous fuels",10,3
"Sphericity_mean",0.00874662869296349,"Herbaceous fuels",10,3
"Omnivariance_mean",0.0140398238707677,"Herbaceous fuels",10,4
"eSmallest_mean",0.0124939724633233,"Herbaceous fuels",10,4
"Eigentropy_mean",0.0124647287474804,"Herbaceous fuels",10,4
"Anisotropy_mean",0.0120390659629649,"Herbaceous fuels",10,4
"eSum_mean",0.0118876486242999,"Herbaceous fuels",10,4
"Sphericity_sd",0.0116334088306874,"Herbaceous fuels",10,4
"eSmallest_sd",0.010550817623337,"Herbaceous fuels",10,4
"Sphericity_mean",0.0103323680198722,"Herbaceous fuels",10,4
"Curvature_mean",0.00996752954641456,"Herbaceous fuels",10,4
"ChangeCurvature_mean",0.00945503543729302,"Herbaceous fuels",10,4
"imean",0.0429848791882852,"Herbaceous fuels",10,5
"Eigentropy_mean",0.0416019904554738,"Herbaceous fuels",10,5
"Omnivariance_mean",0.035348193564154,"Herbaceous fuels",10,5
"eSmallest_sd",0.0145323658756578,"Herbaceous fuels",10,5
"Anisotropy_mean",0.0137528818712351,"Herbaceous fuels",10,5
"eSmallest_mean",0.013606874646984,"Herbaceous fuels",10,5
"eSum_mean",0.0105019633822057,"Herbaceous fuels",10,5
"Kurt_PropOcc_RelZ0_0.25",0.0101709882155133,"Herbaceous fuels",10,5
"SD_PropOcc_RelZ1.05_2.00",0.00926983296064544,"Herbaceous fuels",10,5
"PC_Strata_0.25.0.50",0.00920338593129418,"Herbaceous fuels",10,5
"zq60",8.2929456682885,"Live woody fuels",1,1
"Total_PAD_RelZ1.05_2.00",7.72606345868501,"Live woody fuels",1,1
"zq65",7.6428860389432,"Live woody fuels",1,1
"mean_vox_ht",7.07187475245475,"Live woody fuels",1,1
"zq75",6.98240657497844,"Live woody fuels",1,1
"zmean",6.94995325345876,"Live woody fuels",1,1
"zq45",6.77799694607314,"Live woody fuels",1,1
"PC_Strata_1.00.2.00",6.74632100682685,"Live woody fuels",1,1
"zq50",6.55566820828984,"Live woody fuels",1,1
"n",6.24783975771467,"Live woody fuels",1,1
"Total_PAD_RelZ1.05_2.00",5.78594225636505,"Live woody fuels",1,2
"zq45",5.38842400396706,"Live woody fuels",1,2
"zq50",5.33527918222729,"Live woody fuels",1,2
"zq55",4.70330595704568,"Live woody fuels",1,2
"zmean",4.42950448161278,"Live woody fuels",1,2
"zpcum3",3.96487070307379,"Live woody fuels",1,2
"mean_vox_ht",3.82723853212777,"Live woody fuels",1,2
"zq60",3.61985819774234,"Live woody fuels",1,2
"zq40",3.6023947658602,"Live woody fuels",1,2
"zq75",3.55202591185127,"Live woody fuels",1,2
"zq65",10.1914981284482,"Live woody fuels",1,3
"Total_PAD_RelZ1.05_2.00",8.1576966264246,"Live woody fuels",1,3
"zmean",7.78213930021738,"Live woody fuels",1,3
"mean_vox_ht",7.25292163877337,"Live woody fuels",1,3
"zq75",6.9472193737886,"Live woody fuels",1,3
"zq60",6.74191200912863,"Live woody fuels",1,3
"vn",6.46059713924239,"Live woody fuels",1,3
"zq70",6.31302496502438,"Live woody fuels",1,3
"zq55",6.26427578380638,"Live woody fuels",1,3
"PC_Strata_1.00.2.00",5.93955863248856,"Live woody fuels",1,3
"zq60",9.19943124948423,"Live woody fuels",1,4
"Total_PAD_RelZ1.05_2.00",8.96516338502866,"Live woody fuels",1,4
"zq50",8.83793573893922,"Live woody fuels",1,4
"zmean",8.66407940990434,"Live woody fuels",1,4
"zq70",7.80740817225732,"Live woody fuels",1,4
"mean_vox_ht",7.05929586525101,"Live woody fuels",1,4
"zq65",7.02577683203551,"Live woody fuels",1,4
"zq75",6.2838774904545,"Live woody fuels",1,4
"zq55",6.17309239620531,"Live woody fuels",1,4
"Alpha_Vol_m3",6.16078238957186,"Live woody fuels",1,4
"zq70",4.87647829289426,"Live woody fuels",1,5
"Alpha_Vol_m3",4.05462750943781,"Live woody fuels",1,5
"n",3.94107218552056,"Live woody fuels",1,5
"mean_vox_ht",3.85797306133817,"Live woody fuels",1,5
"zq65",3.83881160881611,"Live woody fuels",1,5
"zq60",3.69359326561554,"Live woody fuels",1,5
"zq75",3.63144699796779,"Live woody fuels",1,5
"PC_Strata_1.00.2.00",3.57972954014896,"Live woody fuels",1,5
"zq50",3.55551980471627,"Live woody fuels",1,5
"pzabovezmean",3.25062848341671,"Live woody fuels",1,5
"zq60",9.19707500223247,"Live woody fuels",2,1
"zmean",7.89883864642994,"Live woody fuels",2,1
"mean_vox_ht",7.76085850774437,"Live woody fuels",2,1
"zq55",7.22871004087343,"Live woody fuels",2,1
"zq65",7.09064966667642,"Live woody fuels",2,1
"zq50",6.98734269054954,"Live woody fuels",2,1
"Total_PAD_RelZ1.05_2.00",6.31331807741075,"Live woody fuels",2,1
"zq75",6.27461497436073,"Live woody fuels",2,1
"zq70",6.26918336211174,"Live woody fuels",2,1
"zq45",6.09045176470651,"Live woody fuels",2,1
"zq60",10.1111444267338,"Live woody fuels",2,2
"zq70",9.79841228476,"Live woody fuels",2,2
"zmean",9.7050139058354,"Live woody fuels",2,2
"PC_Strata_1.00.2.00",8.30884931610712,"Live woody fuels",2,2
"mean_vox_ht",7.93952206871716,"Live woody fuels",2,2
"zq55",7.69053620144882,"Live woody fuels",2,2
"zq65",7.56494471717065,"Live woody fuels",2,2
"zq45",7.18435938588635,"Live woody fuels",2,2
"zq75",6.47716752408243,"Live woody fuels",2,2
"zq50",6.45244560271222,"Live woody fuels",2,2
"PC_Strata_1.00.2.00",6.65222383036985,"Live woody fuels",2,3
"zq65",6.54340273950052,"Live woody fuels",2,3
"zq75",6.37756385144669,"Live woody fuels",2,3
"zmean",6.00175273659363,"Live woody fuels",2,3
"Skew_PropOcc_FullROI",5.72270290656391,"Live woody fuels",2,3
"zq70",5.25021405992702,"Live woody fuels",2,3
"mean_vox_ht",4.98576066152247,"Live woody fuels",2,3
"Kurt_PropOcc_FullROI",4.83577796783549,"Live woody fuels",2,3
"zq60",4.65717108246753,"Live woody fuels",2,3
"Total_PAD_RelZ1.05_2.00",4.53920122928498,"Live woody fuels",2,3
"Alpha_Vol_m3",6.70175927245981,"Live woody fuels",2,4
"zmean",5.53908453417708,"Live woody fuels",2,4
"zq50",5.38959224917492,"Live woody fuels",2,4
"itot",5.3554768475399,"Live woody fuels",2,4
"zq75",5.01040869726365,"Live woody fuels",2,4
"vn",4.65603506146393,"Live woody fuels",2,4
"zq55",4.62188224148062,"Live woody fuels",2,4
"n",4.55857946814518,"Live woody fuels",2,4
"Total_PAD_RelZ1.05_2.00",4.32378726515959,"Live woody fuels",2,4
"zq45",4.26061724774146,"Live woody fuels",2,4
"Total_PAD_RelZ1.05_2.00",6.83592878490524,"Live woody fuels",2,5
"zq50",4.92669416169542,"Live woody fuels",2,5
"zq45",4.8543039621912,"Live woody fuels",2,5
"zmean",4.54991142697867,"Live woody fuels",2,5
"zq55",4.31735129153288,"Live woody fuels",2,5
"zq60",3.79408324467035,"Live woody fuels",2,5
"zpcum2",3.69038560477717,"Live woody fuels",2,5
"zq65",3.35356321374774,"Live woody fuels",2,5
"zpcum3",3.17291931965294,"Live woody fuels",2,5
"zq40",3.1726392260184,"Live woody fuels",2,5
"zq75",11.2884687435213,"Live woody fuels",3,1
"Total_PAD_RelZ1.05_2.00",10.0094577126819,"Live woody fuels",3,1
"zmean",8.96120822804219,"Live woody fuels",3,1
"zq45",6.82817589657066,"Live woody fuels",3,1
"zq55",6.60514114243464,"Live woody fuels",3,1
"itot",6.55480572059416,"Live woody fuels",3,1
"Alpha_Vol_m3",6.40656022814718,"Live woody fuels",3,1
"zq70",6.2712196766532,"Live woody fuels",3,1
"zq65",6.14505363824974,"Live woody fuels",3,1
"zq50",6.09927626311471,"Live woody fuels",3,1
"zq75",10.0196208877253,"Live woody fuels",3,2
"zq65",8.36622805544962,"Live woody fuels",3,2
"zmean",7.6978691660176,"Live woody fuels",3,2
"zq70",7.19077124796213,"Live woody fuels",3,2
"mean_vox_ht",6.98170885445625,"Live woody fuels",3,2
"zq60",6.45876793339602,"Live woody fuels",3,2
"PC_Strata_1.00.2.00",6.2778024111292,"Live woody fuels",3,2
"zq50",5.56211549237092,"Live woody fuels",3,2
"zq55",5.55330548240593,"Live woody fuels",3,2
"Total_PAD_RelZ1.05_2.00",5.13478644035033,"Live woody fuels",3,2
"zmean",8.52503737168232,"Live woody fuels",3,3
"zq55",7.61036312670557,"Live woody fuels",3,3
"zq60",7.27402985310449,"Live woody fuels",3,3
"zq45",6.89844079915127,"Live woody fuels",3,3
"Total_PAD_RelZ1.05_2.00",6.8955266270872,"Live woody fuels",3,3
"mean_vox_ht",6.76834868587977,"Live woody fuels",3,3
"zq75",6.75816413953699,"Live woody fuels",3,3
"zq50",6.62315129287741,"Live woody fuels",3,3
"Kurt_PropOcc_FullROI",6.3654503521432,"Live woody fuels",3,3
"zq70",6.05444137631503,"Live woody fuels",3,3
"Alpha_Vol_m3",6.63356720589225,"Live woody fuels",3,4
"vn",6.17129200818852,"Live woody fuels",3,4
"itot",5.49218335819343,"Live woody fuels",3,4
"n",4.93874488682322,"Live woody fuels",3,4
"zmean",3.82177213160508,"Live woody fuels",3,4
"zq65",3.59376332927698,"Live woody fuels",3,4
"zq75",3.43182621828465,"Live woody fuels",3,4
"zq60",3.38776334163804,"Live woody fuels",3,4
"Total_PAD_RelZ1.05_2.00",3.18393170700746,"Live woody fuels",3,4
"zq50",3.11086933086331,"Live woody fuels",3,4
"Total_PAD_RelZ1.05_2.00",6.06019082331418,"Live woody fuels",3,5
"zq45",5.98057814134639,"Live woody fuels",3,5
"zq50",5.61970629959367,"Live woody fuels",3,5
"zpcum3",4.50978891422632,"Live woody fuels",3,5
"zq55",3.95542505346478,"Live woody fuels",3,5
"zq60",3.79872105002432,"Live woody fuels",3,5
"zq70",3.7975014806991,"Live woody fuels",3,5
"zq40",3.76343494786556,"Live woody fuels",3,5
"pzabovezmean",3.55480180978224,"Live woody fuels",3,5
"zq65",3.40415990093303,"Live woody fuels",3,5
"zq65",9.85849248188572,"Live woody fuels",4,1
"zq70",8.56664567606875,"Live woody fuels",4,1
"zq60",8.08831961260016,"Live woody fuels",4,1
"zmean",8.08052030265192,"Live woody fuels",4,1
"zq75",7.73357794050729,"Live woody fuels",4,1
"Total_PAD_RelZ1.05_2.00",7.41199997556055,"Live woody fuels",4,1
"zq55",7.40180522240022,"Live woody fuels",4,1
"PC_Strata_1.00.2.00",7.15725222871951,"Live woody fuels",4,1
"mean_vox_ht",6.63706925788711,"Live woody fuels",4,1
"Alpha_Vol_m3",5.91559298927624,"Live woody fuels",4,1
"Total_PAD_RelZ1.05_2.00",7.11533490251183,"Live woody fuels",4,2
"zq50",5.91341823806234,"Live woody fuels",4,2
"zq45",5.33476322215363,"Live woody fuels",4,2
"zpcum3",4.36428531280199,"Live woody fuels",4,2
"zq55",4.16707515626642,"Live woody fuels",4,2
"mean_vox_ht",3.97451836584295,"Live woody fuels",4,2
"zskew",3.84579649005084,"Live woody fuels",4,2
"zq65",3.70856516054036,"Live woody fuels",4,2
"zmean",3.65471792416681,"Live woody fuels",4,2
"zq70",3.47602428708273,"Live woody fuels",4,2
"zmean",10.1618138884095,"Live woody fuels",4,3
"Total_PAD_RelZ1.05_2.00",8.39551385011284,"Live woody fuels",4,3
"zq60",8.34055349890066,"Live woody fuels",4,3
"zq65",7.42242012417031,"Live woody fuels",4,3
"mean_vox_ht",7.16873611162176,"Live woody fuels",4,3
"zq55",7.10695335678666,"Live woody fuels",4,3
"Alpha_Vol_m3",7.03526259040403,"Live woody fuels",4,3
"itot",6.08210271376657,"Live woody fuels",4,3
"PC_Strata_1.00.2.00",5.91892709462139,"Live woody fuels",4,3
"zq45",5.84704635812587,"Live woody fuels",4,3
"Alpha_Vol_m3",4.79989970165901,"Live woody fuels",4,4
"n",4.36916245862726,"Live woody fuels",4,4
"zq75",3.46758020260289,"Live woody fuels",4,4
"vn",3.43130683599008,"Live woody fuels",4,4
"itot",3.27580034850226,"Live woody fuels",4,4
"mean_vox_ht",3.03928686236588,"Live woody fuels",4,4
"zq70",3.03743669136484,"Live woody fuels",4,4
"zq65",2.66196043808177,"Live woody fuels",4,4
"zq60",2.28297781534364,"Live woody fuels",4,4
"pzabovezmean",2.25944182219065,"Live woody fuels",4,4
"zmean",9.35829155585316,"Live woody fuels",4,5
"zq55",8.12524781434467,"Live woody fuels",4,5
"zq60",7.67453055079085,"Live woody fuels",4,5
"zq75",7.19555751544125,"Live woody fuels",4,5
"PC_Strata_0.00.0.25",7.17605406358352,"Live woody fuels",4,5
"zq65",7.16157901470808,"Live woody fuels",4,5
"zq50",6.90076581094962,"Live woody fuels",4,5
"zq45",6.66937667818925,"Live woody fuels",4,5
"mean_vox_ht",6.22980974169594,"Live woody fuels",4,5
"Total_PAD_RelZ1.05_2.00",6.0979642148696,"Live woody fuels",4,5
"zq75",7.63106602914578,"Live woody fuels",5,1
"zmean",7.49810483833845,"Live woody fuels",5,1
"zq70",7.44623824448662,"Live woody fuels",5,1
"zq50",7.20539172281943,"Live woody fuels",5,1
"mean_vox_ht",7.162582933387,"Live woody fuels",5,1
"zq65",7.07357389119329,"Live woody fuels",5,1
"zq60",5.99087336605715,"Live woody fuels",5,1
"PC_Strata_1.00.2.00",5.82063926717303,"Live woody fuels",5,1
"Total_PAD_RelZ1.05_2.00",5.21765333888538,"Live woody fuels",5,1
"zq45",4.71307715254576,"Live woody fuels",5,1
"zq60",9.06628797307099,"Live woody fuels",5,2
"mean_vox_ht",7.91543102321179,"Live woody fuels",5,2
"zmean",7.79783993634406,"Live woody fuels",5,2
"zq65",7.734588434071,"Live woody fuels",5,2
"Total_PAD_RelZ1.05_2.00",7.59137716238324,"Live woody fuels",5,2
"zq55",7.42083629976141,"Live woody fuels",5,2
"zq75",7.17721557918566,"Live woody fuels",5,2
"zq70",6.95600332455892,"Live woody fuels",5,2
"itot",6.37886478998378,"Live woody fuels",5,2
"zq50",6.22989847805322,"Live woody fuels",5,2
"Alpha_Vol_m3",7.17760133327057,"Live woody fuels",5,3
"n",6.04811899355026,"Live woody fuels",5,3
"itot",5.91472076240669,"Live woody fuels",5,3
"vn",5.83639402290256,"Live woody fuels",5,3
"Kurt_PropOcc_FullROI",3.57280780506182,"Live woody fuels",5,3
"zmean",3.49962913958926,"Live woody fuels",5,3
"zq70",3.46397835683296,"Live woody fuels",5,3
"pzabovezmean",3.39040405974546,"Live woody fuels",5,3
"zq65",3.34264790558528,"Live woody fuels",5,3
"zq50",3.29303408975235,"Live woody fuels",5,3
"Total_PAD_RelZ1.05_2.00",7.04308614418625,"Live woody fuels",5,4
"zq60",5.0991707696438,"Live woody fuels",5,4
"zq50",4.95287570731128,"Live woody fuels",5,4
"zq55",4.42997119667722,"Live woody fuels",5,4
"zq45",4.39282793839843,"Live woody fuels",5,4
"zq40",4.24312879768647,"Live woody fuels",5,4
"zmean",4.14819735029185,"Live woody fuels",5,4
"zq70",4.08353865029681,"Live woody fuels",5,4
"zq65",3.93209969003539,"Live woody fuels",5,4
"pzabovezmean",3.60183791789308,"Live woody fuels",5,4
"Total_PAD_RelZ1.05_2.00",8.31158709050659,"Live woody fuels",5,5
"Alpha_Vol_m3",8.24020859496328,"Live woody fuels",5,5
"zq60",7.25938941415136,"Live woody fuels",5,5
"mean_vox_ht",7.12442800065865,"Live woody fuels",5,5
"zmean",6.94172606328726,"Live woody fuels",5,5
"zq50",6.7996787274577,"Live woody fuels",5,5
"zq70",6.76260429291003,"Live woody fuels",5,5
"n",6.69809058935847,"Live woody fuels",5,5
"zq75",6.36163816015228,"Live woody fuels",5,5
"zq65",6.10522141580646,"Live woody fuels",5,5
"n",8.41993803259064,"Live woody fuels",6,1
"vn",8.11716724155858,"Live woody fuels",6,1
"itot",7.44854375828285,"Live woody fuels",6,1
"Alpha_Vol_m3",6.79894581525754,"Live woody fuels",6,1
"mean_vox_ht",5.94950858659531,"Live woody fuels",6,1
"zq55",5.1663042488941,"Live woody fuels",6,1
"zq65",4.80255803953236,"Live woody fuels",6,1
"zmean",4.41921936672273,"Live woody fuels",6,1
"zq70",4.26616663324116,"Live woody fuels",6,1
"Total_PAD_RelZ1.05_2.00",4.05930331993928,"Live woody fuels",6,1
"zmean",9.3212063066632,"Live woody fuels",6,2
"Total_PAD_RelZ1.05_2.00",7.7281627277033,"Live woody fuels",6,2
"zq65",7.51951780778651,"Live woody fuels",6,2
"zq75",7.38658996316941,"Live woody fuels",6,2
"zq60",7.12240646685289,"Live woody fuels",6,2
"zq45",7.08260651192292,"Live woody fuels",6,2
"zq70",7.0210756574758,"Live woody fuels",6,2
"zq55",6.76442583687062,"Live woody fuels",6,2
"mean_vox_ht",6.57246319573135,"Live woody fuels",6,2
"zq50",6.03364673657312,"Live woody fuels",6,2
"Total_PAD_RelZ1.05_2.00",4.11483708747127,"Live woody fuels",6,3
"zpcum3",2.41419117009329,"Live woody fuels",6,3
"n",2.32502053527482,"Live woody fuels",6,3
"zq55",2.27641384856793,"Live woody fuels",6,3
"zq75",2.19816806402713,"Live woody fuels",6,3
"zq50",2.19786118635569,"Live woody fuels",6,3
"zq65",2.09636067495984,"Live woody fuels",6,3
"zq45",2.07432133418554,"Live woody fuels",6,3
"Kurt_PropOcc_FullROI",2.04918270795355,"Live woody fuels",6,3
"pzabovezmean",2.0346738274069,"Live woody fuels",6,3
"zq65",9.98013816082185,"Live woody fuels",6,4
"zq60",9.31939748153314,"Live woody fuels",6,4
"zmean",9.15499461766828,"Live woody fuels",6,4
"zq55",8.38200222222752,"Live woody fuels",6,4
"PC_Strata_1.00.2.00",7.93502443701683,"Live woody fuels",6,4
"Total_PAD_RelZ1.05_2.00",7.83374171465919,"Live woody fuels",6,4
"zq75",7.76991603394472,"Live woody fuels",6,4
"zq70",7.30405785332688,"Live woody fuels",6,4
"mean_vox_ht",6.55288264119444,"Live woody fuels",6,4
"zq45",6.52972036288286,"Live woody fuels",6,4
"zmean",9.70278813685824,"Live woody fuels",6,5
"zq60",9.21764939846697,"Live woody fuels",6,5
"zq55",8.97277689941546,"Live woody fuels",6,5
"PC_Strata_1.00.2.00",8.0459157732042,"Live woody fuels",6,5
"zq70",7.35473907117177,"Live woody fuels",6,5
"mean_vox_ht",7.25015187278011,"Live woody fuels",6,5
"zq65",6.51054792743175,"Live woody fuels",6,5
"zq50",6.36136361540999,"Live woody fuels",6,5
"zq75",6.32317397398525,"Live woody fuels",6,5
"Total_PAD_RelZ1.05_2.00",5.91081423245098,"Live woody fuels",6,5
"n",7.54449552417819,"Live woody fuels",7,1
"zq75",7.36729686461485,"Live woody fuels",7,1
"Alpha_Vol_m3",7.14226766140234,"Live woody fuels",7,1
"zq65",7.09176033773096,"Live woody fuels",7,1
"itot",6.92107521498213,"Live woody fuels",7,1
"Total_PAD_RelZ1.05_2.00",6.87780593320599,"Live woody fuels",7,1
"vn",6.67887049293326,"Live woody fuels",7,1
"zq50",6.02724936760185,"Live woody fuels",7,1
"zq55",5.82723961098224,"Live woody fuels",7,1
"zmean",5.75918799055873,"Live woody fuels",7,1
"zq75",5.20835725363478,"Live woody fuels",7,2
"mean_vox_ht",5.01262850050966,"Live woody fuels",7,2
"zq50",4.65421576163985,"Live woody fuels",7,2
"zmean",4.37156313625209,"Live woody fuels",7,2
"zq70",4.26842918990628,"Live woody fuels",7,2
"n",4.13726632358336,"Live woody fuels",7,2
"zq65",3.65772911604073,"Live woody fuels",7,2
"vn",3.64617605491354,"Live woody fuels",7,2
"PC_Strata_1.00.2.00",3.36796498507436,"Live woody fuels",7,2
"Alpha_Vol_m3",3.35130183001245,"Live woody fuels",7,2
"zq60",8.39557500351791,"Live woody fuels",7,3
"zmean",7.39086912002638,"Live woody fuels",7,3
"PC_Strata_1.00.2.00",7.17351376190298,"Live woody fuels",7,3
"Total_PAD_RelZ1.05_2.00",7.11072464746408,"Live woody fuels",7,3
"mean_vox_ht",6.98966839605711,"Live woody fuels",7,3
"zq50",6.57536353654053,"Live woody fuels",7,3
"zq65",6.42858619338645,"Live woody fuels",7,3
"zq70",6.20033086230125,"Live woody fuels",7,3
"zq55",6.18035250553133,"Live woody fuels",7,3
"zq45",5.92440580597038,"Live woody fuels",7,3
"zq65",8.74258784105737,"Live woody fuels",7,4
"zq45",8.54939806293379,"Live woody fuels",7,4
"zmean",8.53981772728574,"Live woody fuels",7,4
"zq55",8.48830548763767,"Live woody fuels",7,4
"zq60",8.11510189842126,"Live woody fuels",7,4
"zq50",7.45185818508798,"Live woody fuels",7,4
"Total_PAD_RelZ1.05_2.00",7.29857085490125,"Live woody fuels",7,4
"zq75",7.12050710298019,"Live woody fuels",7,4
"mean_vox_ht",7.07705558628266,"Live woody fuels",7,4
"zq70",6.75424029954551,"Live woody fuels",7,4
"Total_PAD_RelZ1.05_2.00",5.77085844977831,"Live woody fuels",7,5
"zq60",4.33105747068996,"Live woody fuels",7,5
"mean_vox_ht",4.29376847678389,"Live woody fuels",7,5
"zq45",4.22162041133666,"Live woody fuels",7,5
"zq55",4.12110654908023,"Live woody fuels",7,5
"pzabovezmean",4.1177959538542,"Live woody fuels",7,5
"zq50",4.06127446916182,"Live woody fuels",7,5
"zskew",3.83516416810089,"Live woody fuels",7,5
"zmean",3.60351151125799,"Live woody fuels",7,5
"zpcum3",3.41316271401151,"Live woody fuels",7,5
"zq75",9.85210658622483,"Live woody fuels",8,1
"zmean",9.73750746850201,"Live woody fuels",8,1
"zq65",9.73656493119872,"Live woody fuels",8,1
"zq60",8.5125679274051,"Live woody fuels",8,1
"zq70",8.30110558775453,"Live woody fuels",8,1
"zq45",8.2129222101467,"Live woody fuels",8,1
"mean_vox_ht",7.82551047185728,"Live woody fuels",8,1
"zq55",7.19077767262429,"Live woody fuels",8,1
"zq50",6.81119692188072,"Live woody fuels",8,1
"PC_Strata_0.00.0.25",6.50380387057307,"Live woody fuels",8,1
"zmean",8.1142264137642,"Live woody fuels",8,2
"mean_vox_ht",7.58237756207982,"Live woody fuels",8,2
"zq75",7.52075162092227,"Live woody fuels",8,2
"zq65",7.11454899862881,"Live woody fuels",8,2
"zq70",6.51488667178312,"Live woody fuels",8,2
"zq60",5.81161792907941,"Live woody fuels",8,2
"PC_Strata_1.00.2.00",5.7621616458372,"Live woody fuels",8,2
"zq50",5.35771698285235,"Live woody fuels",8,2
"zq55",5.07777009125576,"Live woody fuels",8,2
"Total_PAD_RelZ1.05_2.00",4.63805935968568,"Live woody fuels",8,2
"Alpha_Vol_m3",1.98411058524185,"Live woody fuels",8,3
"n",1.88144685447126,"Live woody fuels",8,3
"zq40",1.8486358840383,"Live woody fuels",8,3
"itot",1.84337125622508,"Live woody fuels",8,3
"vn",1.81083796736131,"Live woody fuels",8,3
"Total_PAD_RelZ1.05_2.00",1.68878235920961,"Live woody fuels",8,3
"pzabovezmean",1.54506724220841,"Live woody fuels",8,3
"zq45",1.51219842546003,"Live woody fuels",8,3
"zskew",1.46343407818352,"Live woody fuels",8,3
"zq50",1.45836731564752,"Live woody fuels",8,3
"mean_vox_ht",9.6639602160065,"Live woody fuels",8,4
"itot",8.35242734502707,"Live woody fuels",8,4
"zq75",8.26856789750128,"Live woody fuels",8,4
"zq55",7.15002591108035,"Live woody fuels",8,4
"zq65",6.95697662882276,"Live woody fuels",8,4
"zmean",6.94493120300828,"Live woody fuels",8,4
"zq50",6.87401284324999,"Live woody fuels",8,4
"n",6.44204965346986,"Live woody fuels",8,4
"vn",6.32237322295295,"Live woody fuels",8,4
"zq45",6.2590734912569,"Live woody fuels",8,4
"zmean",7.89855996114305,"Live woody fuels",8,5
"mean_vox_ht",7.42407829388007,"Live woody fuels",8,5
"zq45",7.02673206828616,"Live woody fuels",8,5
"zq75",6.78364278544011,"Live woody fuels",8,5
"zq50",6.6961810973966,"Live woody fuels",8,5
"PC_Strata_1.00.2.00",6.63670401083608,"Live woody fuels",8,5
"zq65",6.581657972606,"Live woody fuels",8,5
"Total_PAD_RelZ1.05_2.00",6.48079964191054,"Live woody fuels",8,5
"zq55",6.45453699297781,"Live woody fuels",8,5
"zq70",6.10030095055724,"Live woody fuels",8,5
"zq65",9.80914135847451,"Live woody fuels",9,1
"zq55",9.37625041055862,"Live woody fuels",9,1
"zq60",9.33915962235892,"Live woody fuels",9,1
"zmean",8.24826199082851,"Live woody fuels",9,1
"Total_PAD_RelZ1.05_2.00",8.13266702856036,"Live woody fuels",9,1
"zq50",7.3190863881338,"Live woody fuels",9,1
"PC_Strata_1.00.2.00",7.28743771049502,"Live woody fuels",9,1
"mean_vox_ht",6.913166286357,"Live woody fuels",9,1
"zq45",6.89719477496489,"Live woody fuels",9,1
"zq70",6.00649543377597,"Live woody fuels",9,1
"Alpha_Vol_m3",22.8662686533756,"Live woody fuels",9,2
"n",13.6822600376796,"Live woody fuels",9,2
"itot",10.3743600529573,"Live woody fuels",9,2
"vn",10.1778807731186,"Live woody fuels",9,2
"Total_PAD_RelZ1.05_2.00",2.44546683379757,"Live woody fuels",9,2
"mean_vox_ht",2.24315941596016,"Live woody fuels",9,2
"zpcum3",2.23649179957456,"Live woody fuels",9,2
"zq75",2.01318359133929,"Live woody fuels",9,2
"zskew",1.90814310563527,"Live woody fuels",9,2
"pzabovezmean",1.58084718611538,"Live woody fuels",9,2
"zmean",9.36845675320065,"Live woody fuels",9,3
"zq60",8.27816442778631,"Live woody fuels",9,3
"zq65",7.35885681931908,"Live woody fuels",9,3
"Total_PAD_RelZ1.05_2.00",7.12869416988632,"Live woody fuels",9,3
"mean_vox_ht",6.64069660388816,"Live woody fuels",9,3
"zq45",6.63308284174459,"Live woody fuels",9,3
"zq55",6.34744418229571,"Live woody fuels",9,3
"PC_Strata_1.00.2.00",6.19629393086479,"Live woody fuels",9,3
"zq50",6.07086279510503,"Live woody fuels",9,3
"zq70",5.9265488730454,"Live woody fuels",9,3
"zmean",9.89414955978706,"Live woody fuels",9,4
"Total_PAD_RelZ1.05_2.00",7.86819529636087,"Live woody fuels",9,4
"zq65",7.20749412398262,"Live woody fuels",9,4
"zq50",7.06072576126574,"Live woody fuels",9,4
"PC_Strata_1.00.2.00",6.91023858978678,"Live woody fuels",9,4
"mean_vox_ht",6.84066705278131,"Live woody fuels",9,4
"zq55",6.68215762598664,"Live woody fuels",9,4
"zq45",6.51125637314093,"Live woody fuels",9,4
"zq75",6.33533002178785,"Live woody fuels",9,4
"zq70",6.00392392258082,"Live woody fuels",9,4
"zq50",4.10919868928146,"Live woody fuels",9,5
"Total_PAD_RelZ1.05_2.00",3.88900567077749,"Live woody fuels",9,5
"zq75",3.30973975026219,"Live woody fuels",9,5
"mean_vox_ht",3.2643737081036,"Live woody fuels",9,5
"zq70",3.07419042326506,"Live woody fuels",9,5
"zq55",2.99280723731835,"Live woody fuels",9,5
"zmean",2.93269165376424,"Live woody fuels",9,5
"zq60",2.58116289690604,"Live woody fuels",9,5
"pzabovezmean",2.52325058626534,"Live woody fuels",9,5
"zq45",2.48296882503634,"Live woody fuels",9,5
"zmean",10.2641314532225,"Live woody fuels",10,1
"zq55",7.70507992862287,"Live woody fuels",10,1
"zq50",7.53537065177661,"Live woody fuels",10,1
"zq45",7.13734617425015,"Live woody fuels",10,1
"zpcum3",6.65930794604667,"Live woody fuels",10,1
"zq65",6.56556863477617,"Live woody fuels",10,1
"mean_vox_ht",6.54147764504569,"Live woody fuels",10,1
"zq70",6.08795566890121,"Live woody fuels",10,1
"Total_PAD_RelZ1.05_2.00",6.01284963416895,"Live woody fuels",10,1
"zq75",5.95969480173722,"Live woody fuels",10,1
"vn",2.78586968184737,"Live woody fuels",10,2
"Alpha_Vol_m3",2.76073541496791,"Live woody fuels",10,2
"itot",2.32003887927613,"Live woody fuels",10,2
"Total_PAD_RelZ1.05_2.00",2.00042051789377,"Live woody fuels",10,2
"n",1.80796628262636,"Live woody fuels",10,2
"zq40",1.4991817899999,"Live woody fuels",10,2
"zq45",1.48092286260404,"Live woody fuels",10,2
"zskew",1.31172301732017,"Live woody fuels",10,2
"pzabovezmean",1.29570661176733,"Live woody fuels",10,2
"Skew_PropOcc_FullROI",1.27658467771144,"Live woody fuels",10,2
"zq65",8.07569245448505,"Live woody fuels",10,3
"zq50",7.32046264264407,"Live woody fuels",10,3
"PC_Strata_1.00.2.00",7.20158214019395,"Live woody fuels",10,3
"mean_vox_ht",7.10344288868446,"Live woody fuels",10,3
"zq75",6.91483957556482,"Live woody fuels",10,3
"Total_PAD_RelZ1.05_2.00",6.80803302112268,"Live woody fuels",10,3
"zq55",6.54667210320102,"Live woody fuels",10,3
"Skew_PropOcc_FullROI",6.28142709458901,"Live woody fuels",10,3
"zq60",6.27007370119887,"Live woody fuels",10,3
"zmean",6.11473355455679,"Live woody fuels",10,3
"zmean",8.07660504887037,"Live woody fuels",10,4
"mean_vox_ht",7.68094190636816,"Live woody fuels",10,4
"zq65",6.56528385668186,"Live woody fuels",10,4
"zq70",6.36348556350772,"Live woody fuels",10,4
"zq75",6.15404767372303,"Live woody fuels",10,4
"Total_PAD_RelZ1.05_2.00",5.85346953973264,"Live woody fuels",10,4
"PC_Strata_1.00.2.00",5.83403381530068,"Live woody fuels",10,4
"zq60",5.40018868558752,"Live woody fuels",10,4
"Alpha_Vol_m3",5.04613155910354,"Live woody fuels",10,4
"zq50",4.99314726819733,"Live woody fuels",10,4
"zq65",9.43253450297987,"Live woody fuels",10,5
"zmean",8.44474234221306,"Live woody fuels",10,5
"Total_PAD_RelZ1.05_2.00",8.39915101869755,"Live woody fuels",10,5
"zq70",7.94566772736825,"Live woody fuels",10,5
"PC_Strata_1.00.2.00",7.93899820273109,"Live woody fuels",10,5
"zq60",7.87286352497532,"Live woody fuels",10,5
"mean_vox_ht",7.17887894921842,"Live woody fuels",10,5
"zq75",7.06030511704347,"Live woody fuels",10,5
"zq50",6.47070652304512,"Live woody fuels",10,5
"zq55",6.45768746868374,"Live woody fuels",10,5
"Percent.Below.30th.Quantile",231.604067655618,"Large-diameter DDW",1,1
"lad_sum",160.784361454944,"Large-diameter DDW",1,1
"lad_mean",147.435291637282,"Large-diameter DDW",1,1
"zpcum1",79.7737011689999,"Large-diameter DDW",1,1
"Percent.Below.10th.Quantile",62.6714818340692,"Large-diameter DDW",1,1
"imean",35.4012344016261,"Large-diameter DDW",1,1
"Percent.Below.40th.Quantile",28.7612672416967,"Large-diameter DDW",1,1
"Percent.Below.30th.Quantile",1097.08717126334,"Large-diameter DDW",1,2
"Percent.Below.40th.Quantile",706.952155370669,"Large-diameter DDW",1,2
"lad_mean",349.234421396014,"Large-diameter DDW",1,2
"lad_sum",333.983364233264,"Large-diameter DDW",1,2
"zpcum1",29.4545818028201,"Large-diameter DDW",1,2
"imean",22.4353659459619,"Large-diameter DDW",1,2
"Percent.Below.10th.Quantile",19.5527014693426,"Large-diameter DDW",1,2
"Percent.Below.40th.Quantile",1430.05961364388,"Large-diameter DDW",1,3
"Percent.Below.30th.Quantile",730.089289801763,"Large-diameter DDW",1,3
"lad_sum",37.6139124667989,"Large-diameter DDW",1,3
"imean",24.0741689898338,"Large-diameter DDW",1,3
"lad_mean",8.07988820728719,"Large-diameter DDW",1,3
"zpcum1",4.70310785400239,"Large-diameter DDW",1,3
"Percent.Below.10th.Quantile",4.66812583941944,"Large-diameter DDW",1,3
"Percent.Below.30th.Quantile",2348.67112103049,"Large-diameter DDW",1,4
"Percent.Below.40th.Quantile",433.675070083661,"Large-diameter DDW",1,4
"lad_sum",74.3402686492614,"Large-diameter DDW",1,4
"zpcum1",27.5261495057015,"Large-diameter DDW",1,4
"lad_mean",23.8632192759801,"Large-diameter DDW",1,4
"imean",7.33318720526126,"Large-diameter DDW",1,4
"Percent.Below.10th.Quantile",3.90334736321362,"Large-diameter DDW",1,4
"Percent.Below.30th.Quantile",811.001618992299,"Large-diameter DDW",1,5
"lad_sum",554.035553896023,"Large-diameter DDW",1,5
"Percent.Below.40th.Quantile",544.079814974404,"Large-diameter DDW",1,5
"lad_mean",376.788721441394,"Large-diameter DDW",1,5
"zpcum1",154.027122414659,"Large-diameter DDW",1,5
"Percent.Below.10th.Quantile",118.658296271642,"Large-diameter DDW",1,5
"imean",85.2987154203107,"Large-diameter DDW",1,5
"Percent.Below.30th.Quantile",1077.64716475559,"Large-diameter DDW",2,1
"Percent.Below.40th.Quantile",800.423956050069,"Large-diameter DDW",2,1
"lad_sum",188.498063446174,"Large-diameter DDW",2,1
"lad_mean",101.598407969004,"Large-diameter DDW",2,1
"imean",7.66417414421448,"Large-diameter DDW",2,1
"zpcum1",6.34021137586043,"Large-diameter DDW",2,1
"Percent.Below.10th.Quantile",5.2068172220036,"Large-diameter DDW",2,1
"Percent.Below.30th.Quantile",2464.09009518001,"Large-diameter DDW",2,2
"Percent.Below.40th.Quantile",362.053426625009,"Large-diameter DDW",2,2
"lad_sum",63.4412986903089,"Large-diameter DDW",2,2
"lad_mean",29.6443720364147,"Large-diameter DDW",2,2
"imean",24.6231124123223,"Large-diameter DDW",2,2
"zpcum1",18.623992432997,"Large-diameter DDW",2,2
"Percent.Below.10th.Quantile",6.57295763707805,"Large-diameter DDW",2,2
"Percent.Below.30th.Quantile",215.641894409765,"Large-diameter DDW",2,3
"lad_sum",156.38563430558,"Large-diameter DDW",2,3
"lad_mean",152.506164267198,"Large-diameter DDW",2,3
"Percent.Below.10th.Quantile",55.3763906296616,"Large-diameter DDW",2,3
"zpcum1",55.2465633573522,"Large-diameter DDW",2,3
"imean",43.7660969417308,"Large-diameter DDW",2,3
"Percent.Below.40th.Quantile",21.7946642087054,"Large-diameter DDW",2,3
"Percent.Below.30th.Quantile",1747.70871128048,"Large-diameter DDW",2,4
"Percent.Below.40th.Quantile",675.263178799182,"Large-diameter DDW",2,4
"lad_sum",236.161288709855,"Large-diameter DDW",2,4
"lad_mean",78.2985832306385,"Large-diameter DDW",2,4
"zpcum1",49.8064504227472,"Large-diameter DDW",2,4
"imean",31.6415888795247,"Large-diameter DDW",2,4
"Percent.Below.10th.Quantile",8.08621695826563,"Large-diameter DDW",2,4
"Percent.Below.30th.Quantile",1572.90473677136,"Large-diameter DDW",2,5
"Percent.Below.40th.Quantile",698.453302396739,"Large-diameter DDW",2,5
"lad_sum",253.113555663748,"Large-diameter DDW",2,5
"lad_mean",68.0085219459963,"Large-diameter DDW",2,5
"imean",26.4370540621527,"Large-diameter DDW",2,5
"zpcum1",25.8606283035905,"Large-diameter DDW",2,5
"Percent.Below.10th.Quantile",7.99556621729933,"Large-diameter DDW",2,5
"Percent.Below.30th.Quantile",805.163876730471,"Large-diameter DDW",3,1
"Percent.Below.40th.Quantile",563.798936907506,"Large-diameter DDW",3,1
"lad_mean",431.160871309287,"Large-diameter DDW",3,1
"lad_sum",407.959122991393,"Large-diameter DDW",3,1
"zpcum1",204.585881594869,"Large-diameter DDW",3,1
"Percent.Below.10th.Quantile",118.262283713726,"Large-diameter DDW",3,1
"imean",50.8667036501202,"Large-diameter DDW",3,1
"Percent.Below.40th.Quantile",1117.41984516026,"Large-diameter DDW",3,2
"Percent.Below.30th.Quantile",940.227833967222,"Large-diameter DDW",3,2
"lad_sum",60.3247738454765,"Large-diameter DDW",3,2
"lad_mean",38.0954736278094,"Large-diameter DDW",3,2
"imean",25.745649428508,"Large-diameter DDW",3,2
"zpcum1",7.03909711781015,"Large-diameter DDW",3,2
"Percent.Below.10th.Quantile",4.37483506650993,"Large-diameter DDW",3,2
"Percent.Below.30th.Quantile",999.672579522525,"Large-diameter DDW",3,3
"lad_sum",821.287196893166,"Large-diameter DDW",3,3
"Percent.Below.40th.Quantile",540.018415335696,"Large-diameter DDW",3,3
"lad_mean",274.835760372776,"Large-diameter DDW",3,3
"imean",26.2726332247914,"Large-diameter DDW",3,3
"Percent.Below.10th.Quantile",19.0369227399985,"Large-diameter DDW",3,3
"zpcum1",15.6257789440721,"Large-diameter DDW",3,3
"Percent.Below.30th.Quantile",847.986371899584,"Large-diameter DDW",3,4
"Percent.Below.40th.Quantile",572.920116640415,"Large-diameter DDW",3,4
"lad_sum",412.909766537506,"Large-diameter DDW",3,4
"lad_mean",404.00119903483,"Large-diameter DDW",3,4
"zpcum1",157.568148417072,"Large-diameter DDW",3,4
"Percent.Below.10th.Quantile",107.982481441677,"Large-diameter DDW",3,4
"imean",66.376695696623,"Large-diameter DDW",3,4
"Percent.Below.30th.Quantile",831.452636118394,"Large-diameter DDW",3,5
"lad_sum",36.2359701391997,"Large-diameter DDW",3,5
"Percent.Below.40th.Quantile",26.6770302394514,"Large-diameter DDW",3,5
"imean",21.8384472161535,"Large-diameter DDW",3,5
"zpcum1",11.2219953023366,"Large-diameter DDW",3,5
"lad_mean",7.67929913803139,"Large-diameter DDW",3,5
"Percent.Below.10th.Quantile",3.74169570510381,"Large-diameter DDW",3,5
"Percent.Below.30th.Quantile",475.659114107376,"Large-diameter DDW",4,1
"lad_sum",200.90790797804,"Large-diameter DDW",4,1
"lad_mean",43.9458423862052,"Large-diameter DDW",4,1
"imean",27.3869473193302,"Large-diameter DDW",4,1
"Percent.Below.40th.Quantile",21.0402676639633,"Large-diameter DDW",4,1
"zpcum1",13.7331160534461,"Large-diameter DDW",4,1
"Percent.Below.10th.Quantile",4.10482627289294,"Large-diameter DDW",4,1
"Percent.Below.40th.Quantile",1355.76506395176,"Large-diameter DDW",4,2
"Percent.Below.30th.Quantile",742.51736040254,"Large-diameter DDW",4,2
"lad_mean",18.2027833935801,"Large-diameter DDW",4,2
"lad_sum",17.1072056305647,"Large-diameter DDW",4,2
"zpcum1",6.73202623174334,"Large-diameter DDW",4,2
"imean",6.39344419934829,"Large-diameter DDW",4,2
"Percent.Below.10th.Quantile",5.34203762897951,"Large-diameter DDW",4,2
"Percent.Below.30th.Quantile",1190.96041549658,"Large-diameter DDW",4,3
"Percent.Below.40th.Quantile",709.987077841074,"Large-diameter DDW",4,3
"lad_sum",339.711671817969,"Large-diameter DDW",4,3
"lad_mean",204.793800684333,"Large-diameter DDW",4,3
"zpcum1",109.956127962211,"Large-diameter DDW",4,3
"imean",43.4410572414402,"Large-diameter DDW",4,3
"Percent.Below.10th.Quantile",33.8929279747203,"Large-diameter DDW",4,3
"Percent.Below.30th.Quantile",1463.93495407523,"Large-diameter DDW",4,4
"Percent.Below.40th.Quantile",737.998329873682,"Large-diameter DDW",4,4
"lad_sum",404.763956426186,"Large-diameter DDW",4,4
"lad_mean",126.947894435279,"Large-diameter DDW",4,4
"imean",25.8686875447964,"Large-diameter DDW",4,4
"zpcum1",14.3789952092104,"Large-diameter DDW",4,4
"Percent.Below.10th.Quantile",7.29166555325334,"Large-diameter DDW",4,4
"Percent.Below.30th.Quantile",917.537780787316,"Large-diameter DDW",4,5
"Percent.Below.40th.Quantile",492.043816215856,"Large-diameter DDW",4,5
"lad_sum",395.281993394144,"Large-diameter DDW",4,5
"lad_mean",369.766902347642,"Large-diameter DDW",4,5
"zpcum1",166.444382469253,"Large-diameter DDW",4,5
"Percent.Below.10th.Quantile",131.631095706212,"Large-diameter DDW",4,5
"imean",61.2867541239249,"Large-diameter DDW",4,5
"lad_sum",1677.77436261565,"Large-diameter DDW",5,1
"Percent.Below.30th.Quantile",572.119642212742,"Large-diameter DDW",5,1
"lad_mean",422.051558573954,"Large-diameter DDW",5,1
"Percent.Below.40th.Quantile",174.539781160225,"Large-diameter DDW",5,1
"zpcum1",33.9776551518878,"Large-diameter DDW",5,1
"imean",24.170886785329,"Large-diameter DDW",5,1
"Percent.Below.10th.Quantile",17.8209756291781,"Large-diameter DDW",5,1
"Percent.Below.30th.Quantile",203.414597913598,"Large-diameter DDW",5,2
"lad_sum",141.226763255455,"Large-diameter DDW",5,2
"lad_mean",125.667440211234,"Large-diameter DDW",5,2
"zpcum1",81.8313405629634,"Large-diameter DDW",5,2
"Percent.Below.10th.Quantile",49.0571920788281,"Large-diameter DDW",5,2
"Percent.Below.40th.Quantile",27.5431057099744,"Large-diameter DDW",5,2
"imean",25.204913543614,"Large-diameter DDW",5,2
"Percent.Below.30th.Quantile",873.053374303181,"Large-diameter DDW",5,3
"Percent.Below.40th.Quantile",628.538238486839,"Large-diameter DDW",5,3
"lad_sum",475.454051365858,"Large-diameter DDW",5,3
"lad_mean",357.065425740761,"Large-diameter DDW",5,3
"zpcum1",173.406514985479,"Large-diameter DDW",5,3
"Percent.Below.10th.Quantile",124.192307226806,"Large-diameter DDW",5,3
"imean",100.804363292869,"Large-diameter DDW",5,3
"Percent.Below.30th.Quantile",2478.91038287961,"Large-diameter DDW",5,4
"Percent.Below.40th.Quantile",315.260843361563,"Large-diameter DDW",5,4
"lad_sum",37.603279025257,"Large-diameter DDW",5,4
"imean",27.6310515542228,"Large-diameter DDW",5,4
"lad_mean",24.9187738805417,"Large-diameter DDW",5,4
"zpcum1",11.0288111559939,"Large-diameter DDW",5,4
"Percent.Below.10th.Quantile",6.67008169824261,"Large-diameter DDW",5,4
"Percent.Below.40th.Quantile",1069.10305488542,"Large-diameter DDW",5,5
"Percent.Below.30th.Quantile",997.045002316663,"Large-diameter DDW",5,5
"lad_sum",33.8598315530505,"Large-diameter DDW",5,5
"lad_mean",27.8116987106324,"Large-diameter DDW",5,5
"imean",25.9250538766796,"Large-diameter DDW",5,5
"zpcum1",11.3226538224256,"Large-diameter DDW",5,5
"Percent.Below.10th.Quantile",4.62905748330315,"Large-diameter DDW",5,5
"Percent.Below.30th.Quantile",917.911822947972,"Large-diameter DDW",6,1
"Percent.Below.40th.Quantile",660.556228887147,"Large-diameter DDW",6,1
"lad_sum",396.653557871631,"Large-diameter DDW",6,1
"lad_mean",384.095363299517,"Large-diameter DDW",6,1
"zpcum1",179.214050787699,"Large-diameter DDW",6,1
"Percent.Below.10th.Quantile",147.944404519943,"Large-diameter DDW",6,1
"imean",90.299525092788,"Large-diameter DDW",6,1
"Percent.Below.30th.Quantile",821.41423773828,"Large-diameter DDW",6,2
"Percent.Below.40th.Quantile",580.186464931489,"Large-diameter DDW",6,2
"lad_sum",480.378837205486,"Large-diameter DDW",6,2
"lad_mean",293.659324009458,"Large-diameter DDW",6,2
"zpcum1",198.033829927611,"Large-diameter DDW",6,2
"Percent.Below.10th.Quantile",183.405782678453,"Large-diameter DDW",6,2
"imean",50.5191889580738,"Large-diameter DDW",6,2
"Percent.Below.40th.Quantile",1251.81603619139,"Large-diameter DDW",6,3
"Percent.Below.30th.Quantile",728.09916628554,"Large-diameter DDW",6,3
"lad_sum",139.411522263861,"Large-diameter DDW",6,3
"lad_mean",35.4410947722595,"Large-diameter DDW",6,3
"imean",23.2387860247629,"Large-diameter DDW",6,3
"zpcum1",10.7919337736673,"Large-diameter DDW",6,3
"Percent.Below.10th.Quantile",3.49650561214587,"Large-diameter DDW",6,3
"Percent.Below.30th.Quantile",819.266737582485,"Large-diameter DDW",6,4
"lad_mean",51.4889918475185,"Large-diameter DDW",6,4
"lad_sum",32.7409480539096,"Large-diameter DDW",6,4
"imean",24.9532596982146,"Large-diameter DDW",6,4
"Percent.Below.40th.Quantile",20.5553669234531,"Large-diameter DDW",6,4
"Percent.Below.10th.Quantile",3.55788651854144,"Large-diameter DDW",6,4
"zpcum1",3.4146875667515,"Large-diameter DDW",6,4
"Percent.Below.30th.Quantile",1812.19156721335,"Large-diameter DDW",6,5
"Percent.Below.40th.Quantile",581.884243922843,"Large-diameter DDW",6,5
"lad_sum",265.212976473851,"Large-diameter DDW",6,5
"lad_mean",54.1830627620503,"Large-diameter DDW",6,5
"zpcum1",35.0599174558296,"Large-diameter DDW",6,5
"imean",28.2914978886118,"Large-diameter DDW",6,5
"Percent.Below.10th.Quantile",11.0244856044808,"Large-diameter DDW",6,5
"Percent.Below.30th.Quantile",840.670277652097,"Large-diameter DDW",7,1
"Percent.Below.40th.Quantile",578.380917403986,"Large-diameter DDW",7,1
"lad_sum",434.620336451045,"Large-diameter DDW",7,1
"lad_mean",316.365481202882,"Large-diameter DDW",7,1
"zpcum1",230.862603266395,"Large-diameter DDW",7,1
"Percent.Below.10th.Quantile",164.403307527522,"Large-diameter DDW",7,1
"imean",80.4450064043653,"Large-diameter DDW",7,1
"Percent.Below.30th.Quantile",312.495785964188,"Large-diameter DDW",7,2
"lad_mean",181.424716613457,"Large-diameter DDW",7,2
"lad_sum",154.034372860093,"Large-diameter DDW",7,2
"zpcum1",83.1427438217466,"Large-diameter DDW",7,2
"Percent.Below.10th.Quantile",76.0671851631847,"Large-diameter DDW",7,2
"imean",32.7267647727319,"Large-diameter DDW",7,2
"Percent.Below.40th.Quantile",20.3418044285946,"Large-diameter DDW",7,2
"Percent.Below.40th.Quantile",1082.25950936813,"Large-diameter DDW",7,3
"Percent.Below.30th.Quantile",1033.27009789552,"Large-diameter DDW",7,3
"lad_sum",80.3763365603376,"Large-diameter DDW",7,3
"zpcum1",13.8158793981943,"Large-diameter DDW",7,3
"lad_mean",9.21235193373352,"Large-diameter DDW",7,3
"Percent.Below.10th.Quantile",5.92111381684,"Large-diameter DDW",7,3
"imean",3.15236884692587,"Large-diameter DDW",7,3
"Percent.Below.30th.Quantile",805.814482475526,"Large-diameter DDW",7,4
"Percent.Below.40th.Quantile",589.931452677598,"Large-diameter DDW",7,4
"lad_sum",412.843491693587,"Large-diameter DDW",7,4
"lad_mean",349.255881218625,"Large-diameter DDW",7,4
"zpcum1",174.781812795494,"Large-diameter DDW",7,4
"Percent.Below.10th.Quantile",126.826608343086,"Large-diameter DDW",7,4
"imean",99.0863587191287,"Large-diameter DDW",7,4
"Percent.Below.30th.Quantile",824.607217007092,"Large-diameter DDW",7,5
"Percent.Below.40th.Quantile",617.065290840734,"Large-diameter DDW",7,5
"lad_sum",474.797979084741,"Large-diameter DDW",7,5
"lad_mean",342.128847451977,"Large-diameter DDW",7,5
"Percent.Below.10th.Quantile",135.207115784599,"Large-diameter DDW",7,5
"zpcum1",131.831413108,"Large-diameter DDW",7,5
"imean",61.5915897641407,"Large-diameter DDW",7,5
"Percent.Below.30th.Quantile",1450.90955134341,"Large-diameter DDW",8,1
"Percent.Below.40th.Quantile",554.387798116621,"Large-diameter DDW",8,1
"lad_sum",451.056583139012,"Large-diameter DDW",8,1
"lad_mean",134.326966865288,"Large-diameter DDW",8,1
"zpcum1",100.077700549432,"Large-diameter DDW",8,1
"Percent.Below.10th.Quantile",10.9017390184915,"Large-diameter DDW",8,1
"imean",9.44225413262668,"Large-diameter DDW",8,1
"Percent.Below.30th.Quantile",816.702903011711,"Large-diameter DDW",8,2
"lad_sum",30.8730754102592,"Large-diameter DDW",8,2
"Percent.Below.40th.Quantile",24.6097082176617,"Large-diameter DDW",8,2
"imean",24.1764917877012,"Large-diameter DDW",8,2
"zpcum1",8.8713059428467,"Large-diameter DDW",8,2
"lad_mean",8.79924996300186,"Large-diameter DDW",8,2
"Percent.Below.10th.Quantile",6.06092297243502,"Large-diameter DDW",8,2
"Percent.Below.30th.Quantile",1578.88631438939,"Large-diameter DDW",8,3
"Percent.Below.40th.Quantile",537.084466442217,"Large-diameter DDW",8,3
"lad_mean",337.701028302506,"Large-diameter DDW",8,3
"lad_sum",289.270076359834,"Large-diameter DDW",8,3
"imean",24.8447041232666,"Large-diameter DDW",8,3
"zpcum1",19.8647074460706,"Large-diameter DDW",8,3
"Percent.Below.10th.Quantile",8.10263783208243,"Large-diameter DDW",8,3
"Percent.Below.30th.Quantile",1329.27426231372,"Large-diameter DDW",8,4
"Percent.Below.40th.Quantile",773.382195466618,"Large-diameter DDW",8,4
"lad_sum",336.75878844108,"Large-diameter DDW",8,4
"lad_mean",183.237859235814,"Large-diameter DDW",8,4
"zpcum1",78.3307488745366,"Large-diameter DDW",8,4
"imean",33.530228621825,"Large-diameter DDW",8,4
"Percent.Below.10th.Quantile",17.8375912692537,"Large-diameter DDW",8,4
"Percent.Below.30th.Quantile",1041.76113164009,"Large-diameter DDW",8,5
"Percent.Below.40th.Quantile",816.435609795462,"Large-diameter DDW",8,5
"lad_sum",152.267130557502,"Large-diameter DDW",8,5
"lad_mean",50.974774126741,"Large-diameter DDW",8,5
"imean",29.7345847440399,"Large-diameter DDW",8,5
"zpcum1",5.96774329175642,"Large-diameter DDW",8,5
"Percent.Below.10th.Quantile",5.20665486208743,"Large-diameter DDW",8,5
"Percent.Below.30th.Quantile",846.349365368119,"Large-diameter DDW",9,1
"Percent.Below.40th.Quantile",622.443023186758,"Large-diameter DDW",9,1
"lad_sum",379.712746298003,"Large-diameter DDW",9,1
"lad_mean",357.541392026302,"Large-diameter DDW",9,1
"zpcum1",235.278871991676,"Large-diameter DDW",9,1
"Percent.Below.10th.Quantile",121.946153917503,"Large-diameter DDW",9,1
"imean",75.212511727862,"Large-diameter DDW",9,1
"Percent.Below.30th.Quantile",1691.70569048014,"Large-diameter DDW",9,2
"Percent.Below.40th.Quantile",720.588925693413,"Large-diameter DDW",9,2
"lad_sum",168.660989613877,"Large-diameter DDW",9,2
"lad_mean",72.6829328454938,"Large-diameter DDW",9,2
"imean",27.7293358379606,"Large-diameter DDW",9,2
"zpcum1",18.1147718660914,"Large-diameter DDW",9,2
"Percent.Below.10th.Quantile",8.52221808154412,"Large-diameter DDW",9,2
"Percent.Below.30th.Quantile",2411.46052569664,"Large-diameter DDW",9,3
"Percent.Below.40th.Quantile",506.344926392683,"Large-diameter DDW",9,3
"lad_sum",57.2442511251746,"Large-diameter DDW",9,3
"lad_mean",34.3202970492924,"Large-diameter DDW",9,3
"zpcum1",10.7919546047217,"Large-diameter DDW",9,3
"imean",8.85954790845044,"Large-diameter DDW",9,3
"Percent.Below.10th.Quantile",6.73021394057513,"Large-diameter DDW",9,3
"Percent.Below.30th.Quantile",569.065390127741,"Large-diameter DDW",9,4
"Percent.Below.40th.Quantile",556.312551263028,"Large-diameter DDW",9,4
"lad_sum",430.345888669134,"Large-diameter DDW",9,4
"lad_mean",236.455305748611,"Large-diameter DDW",9,4
"zpcum1",91.1686377007266,"Large-diameter DDW",9,4
"Percent.Below.10th.Quantile",78.0330249435882,"Large-diameter DDW",9,4
"imean",56.9672532903669,"Large-diameter DDW",9,4
"lad_sum",199.478322308923,"Large-diameter DDW",9,5
"Percent.Below.30th.Quantile",172.447117206872,"Large-diameter DDW",9,5
"lad_mean",169.895238350544,"Large-diameter DDW",9,5
"zpcum1",77.4130687277451,"Large-diameter DDW",9,5
"Percent.Below.10th.Quantile",46.4809729003906,"Large-diameter DDW",9,5
"Percent.Below.40th.Quantile",35.2613653509122,"Large-diameter DDW",9,5
"imean",24.9635857034834,"Large-diameter DDW",9,5
"Percent.Below.40th.Quantile",1183.62758931466,"Large-diameter DDW",10,1
"Percent.Below.30th.Quantile",891.832888233994,"Large-diameter DDW",10,1
"lad_sum",56.3438937166579,"Large-diameter DDW",10,1
"lad_mean",29.4545217344508,"Large-diameter DDW",10,1
"imean",22.0651407974356,"Large-diameter DDW",10,1
"zpcum1",5.81501020791851,"Large-diameter DDW",10,1
"Percent.Below.10th.Quantile",3.55192311655159,"Large-diameter DDW",10,1
"Percent.Below.30th.Quantile",253.024629165092,"Large-diameter DDW",10,2
"lad_sum",159.770153438236,"Large-diameter DDW",10,2
"lad_mean",111.606872802656,"Large-diameter DDW",10,2
"zpcum1",104.530307262968,"Large-diameter DDW",10,2
"Percent.Below.10th.Quantile",58.9328933006458,"Large-diameter DDW",10,2
"Percent.Below.40th.Quantile",46.7807028677415,"Large-diameter DDW",10,2
"imean",39.9821501443205,"Large-diameter DDW",10,2
"Percent.Below.30th.Quantile",2379.7637974352,"Large-diameter DDW",10,3
"Percent.Below.40th.Quantile",417.240385718209,"Large-diameter DDW",10,3
"lad_mean",65.1014669834417,"Large-diameter DDW",10,3
"lad_sum",34.8624113464217,"Large-diameter DDW",10,3
"imean",24.929406165834,"Large-diameter DDW",10,3
"zpcum1",8.95699829381569,"Large-diameter DDW",10,3
"Percent.Below.10th.Quantile",5.38643276366702,"Large-diameter DDW",10,3
"lad_sum",675.615296732506,"Large-diameter DDW",10,4
"Percent.Below.30th.Quantile",637.165435947068,"Large-diameter DDW",10,4
"Percent.Below.40th.Quantile",538.515679624385,"Large-diameter DDW",10,4
"lad_mean",466.200506843147,"Large-diameter DDW",10,4
"zpcum1",170.325425620085,"Large-diameter DDW",10,4
"Percent.Below.10th.Quantile",147.598054026033,"Large-diameter DDW",10,4
"imean",48.6131853546932,"Large-diameter DDW",10,4
"Percent.Below.30th.Quantile",877.629131722428,"Large-diameter DDW",10,5
"Percent.Below.40th.Quantile",533.34943531568,"Large-diameter DDW",10,5
"lad_sum",442.510143305145,"Large-diameter DDW",10,5
"lad_mean",368.681600104185,"Large-diameter DDW",10,5
"zpcum1",187.835413884042,"Large-diameter DDW",10,5
"Percent.Below.10th.Quantile",176.689816770905,"Large-diameter DDW",10,5
"imean",104.765376209836,"Large-diameter DDW",10,5
"Omnivariance_sd",7.8295969442472,"Fine dead surface fuels",1,1
"cHull_vol",5.64250823199178,"Fine dead surface fuels",1,1
"NormalChangeRate_sd",4.27646431873492,"Fine dead surface fuels",1,1
"Planarity_sd",4.22787615094689,"Fine dead surface fuels",1,1
"Omnivariance_sd",8.61071877590435,"Fine dead surface fuels",1,2
"cHull_vol",5.62422870837053,"Fine dead surface fuels",1,2
"Planarity_sd",4.69906008625123,"Fine dead surface fuels",1,2
"NormalChangeRate_sd",4.4931693176943,"Fine dead surface fuels",1,2
"Omnivariance_sd",5.728064412818,"Fine dead surface fuels",1,3
"cHull_vol",5.10734400853589,"Fine dead surface fuels",1,3
"Planarity_sd",4.22606315251278,"Fine dead surface fuels",1,3
"NormalChangeRate_sd",4.04516724071459,"Fine dead surface fuels",1,3
"Omnivariance_sd",6.73951297599231,"Fine dead surface fuels",1,4
"NormalChangeRate_sd",5.63751506437653,"Fine dead surface fuels",1,4
"Planarity_sd",5.39246782548386,"Fine dead surface fuels",1,4
"cHull_vol",5.10675770508167,"Fine dead surface fuels",1,4
"Omnivariance_sd",7.41260650133927,"Fine dead surface fuels",1,5
"cHull_vol",6.40756418354516,"Fine dead surface fuels",1,5
"NormalChangeRate_sd",4.05399187033334,"Fine dead surface fuels",1,5
"Planarity_sd",3.95910573656977,"Fine dead surface fuels",1,5
"Omnivariance_sd",8.89802090105128,"Fine dead surface fuels",2,1
"cHull_vol",5.9621537233286,"Fine dead surface fuels",2,1
"Planarity_sd",4.4533916845703,"Fine dead surface fuels",2,1
"NormalChangeRate_sd",4.33846512775472,"Fine dead surface fuels",2,1
"Omnivariance_sd",6.29128196931834,"Fine dead surface fuels",2,2
"cHull_vol",6.15598044153115,"Fine dead surface fuels",2,2
"NormalChangeRate_sd",5.39854407187613,"Fine dead surface fuels",2,2
"Planarity_sd",5.30270789526827,"Fine dead surface fuels",2,2
"Omnivariance_sd",7.30102189027563,"Fine dead surface fuels",2,3
"cHull_vol",5.67962051316294,"Fine dead surface fuels",2,3
"Planarity_sd",3.58875862749841,"Fine dead surface fuels",2,3
"NormalChangeRate_sd",3.56663293744653,"Fine dead surface fuels",2,3
"Omnivariance_sd",5.57276996131972,"Fine dead surface fuels",2,4
"cHull_vol",5.32304523062614,"Fine dead surface fuels",2,4
"NormalChangeRate_sd",5.24779403783734,"Fine dead surface fuels",2,4
"Planarity_sd",5.13001722896225,"Fine dead surface fuels",2,4
"Omnivariance_sd",5.96640856436448,"Fine dead surface fuels",2,5
"Planarity_sd",5.27503063874921,"Fine dead surface fuels",2,5
"NormalChangeRate_sd",5.153151514953,"Fine dead surface fuels",2,5
"cHull_vol",4.56826428965033,"Fine dead surface fuels",2,5
"Omnivariance_sd",7.07393628307527,"Fine dead surface fuels",3,1
"cHull_vol",4.88581284854934,"Fine dead surface fuels",3,1
"NormalChangeRate_sd",4.69948782138805,"Fine dead surface fuels",3,1
"Planarity_sd",4.66445199655615,"Fine dead surface fuels",3,1
"Omnivariance_sd",6.88492444383233,"Fine dead surface fuels",3,2
"cHull_vol",5.59432243682097,"Fine dead surface fuels",3,2
"NormalChangeRate_sd",4.12313549839367,"Fine dead surface fuels",3,2
"Planarity_sd",4.09574324520106,"Fine dead surface fuels",3,2
"Omnivariance_sd",6.31839564723703,"Fine dead surface fuels",3,3
"NormalChangeRate_sd",5.49705932407674,"Fine dead surface fuels",3,3
"Planarity_sd",5.40983037860637,"Fine dead surface fuels",3,3
"cHull_vol",5.3945696029722,"Fine dead surface fuels",3,3
"Omnivariance_sd",5.49725596920711,"Fine dead surface fuels",3,4
"cHull_vol",5.09504425709306,"Fine dead surface fuels",3,4
"Planarity_sd",4.90597290833147,"Fine dead surface fuels",3,4
"NormalChangeRate_sd",4.78560843060892,"Fine dead surface fuels",3,4
"Omnivariance_sd",8.04679190957623,"Fine dead surface fuels",3,5
"cHull_vol",6.03042847735375,"Fine dead surface fuels",3,5
"Planarity_sd",4.76629867146181,"Fine dead surface fuels",3,5
"NormalChangeRate_sd",4.52258389122851,"Fine dead surface fuels",3,5
"Omnivariance_sd",5.79051329068754,"Fine dead surface fuels",4,1
"NormalChangeRate_sd",4.9024719127133,"Fine dead surface fuels",4,1
"Planarity_sd",4.88474010401254,"Fine dead surface fuels",4,1
"cHull_vol",4.7033825822811,"Fine dead surface fuels",4,1
"cHull_vol",7.53600396891324,"Fine dead surface fuels",4,2
"Omnivariance_sd",5.61255196491413,"Fine dead surface fuels",4,2
"Planarity_sd",4.28451014595839,"Fine dead surface fuels",4,2
"NormalChangeRate_sd",4.10759346585744,"Fine dead surface fuels",4,2
"Omnivariance_sd",8.30118179909426,"Fine dead surface fuels",4,3
"cHull_vol",5.98355769648941,"Fine dead surface fuels",4,3
"NormalChangeRate_sd",4.57816443006093,"Fine dead surface fuels",4,3
"Planarity_sd",4.47560409036484,"Fine dead surface fuels",4,3
"Omnivariance_sd",7.90175117658994,"Fine dead surface fuels",4,4
"cHull_vol",5.37267007247491,"Fine dead surface fuels",4,4
"Planarity_sd",4.8885571477913,"Fine dead surface fuels",4,4
"NormalChangeRate_sd",4.73709909753329,"Fine dead surface fuels",4,4
"Omnivariance_sd",6.73515365116973,"Fine dead surface fuels",4,5
"cHull_vol",5.33311009113141,"Fine dead surface fuels",4,5
"Planarity_sd",4.40530673268856,"Fine dead surface fuels",4,5
"NormalChangeRate_sd",4.38723700719975,"Fine dead surface fuels",4,5
"NormalChangeRate_sd",5.744593493267,"Fine dead surface fuels",5,1
"Omnivariance_sd",5.72897125970443,"Fine dead surface fuels",5,1
"Planarity_sd",5.57705201704046,"Fine dead surface fuels",5,1
"cHull_vol",4.86902097454562,"Fine dead surface fuels",5,1
"cHull_vol",5.81089514155953,"Fine dead surface fuels",5,2
"Planarity_sd",5.80840225959874,"Fine dead surface fuels",5,2
"Omnivariance_sd",5.61875900168206,"Fine dead surface fuels",5,2
"NormalChangeRate_sd",5.52508417255396,"Fine dead surface fuels",5,2
"Omnivariance_sd",6.52144730608914,"Fine dead surface fuels",5,3
"cHull_vol",5.02673784748066,"Fine dead surface fuels",5,3
"NormalChangeRate_sd",4.61191680170613,"Fine dead surface fuels",5,3
"Planarity_sd",4.45833935658026,"Fine dead surface fuels",5,3
"Omnivariance_sd",7.27158607228323,"Fine dead surface fuels",5,4
"cHull_vol",5.05180330061312,"Fine dead surface fuels",5,4
"Planarity_sd",5.03459495663167,"Fine dead surface fuels",5,4
"NormalChangeRate_sd",4.72861799495064,"Fine dead surface fuels",5,4
"Omnivariance_sd",6.81307912938837,"Fine dead surface fuels",5,5
"Planarity_sd",4.72186574610454,"Fine dead surface fuels",5,5
"NormalChangeRate_sd",4.57814811492172,"Fine dead surface fuels",5,5
"cHull_vol",4.2826529112984,"Fine dead surface fuels",5,5
"Omnivariance_sd",6.44255175382599,"Fine dead surface fuels",6,1
"cHull_vol",5.86651426950458,"Fine dead surface fuels",6,1
"Planarity_sd",5.00923041574776,"Fine dead surface fuels",6,1
"NormalChangeRate_sd",4.80113519745062,"Fine dead surface fuels",6,1
"Omnivariance_sd",6.98409618468539,"Fine dead surface fuels",6,2
"Planarity_sd",5.10094307331317,"Fine dead surface fuels",6,2
"NormalChangeRate_sd",5.0725922061472,"Fine dead surface fuels",6,2
"cHull_vol",4.62192041868569,"Fine dead surface fuels",6,2
"Omnivariance_sd",8.50250306762705,"Fine dead surface fuels",6,3
"cHull_vol",4.9794037326004,"Fine dead surface fuels",6,3
"Planarity_sd",3.2015002216122,"Fine dead surface fuels",6,3
"NormalChangeRate_sd",3.08565715314276,"Fine dead surface fuels",6,3
"Omnivariance_sd",5.7798022611218,"Fine dead surface fuels",6,4
"NormalChangeRate_sd",5.03367507983811,"Fine dead surface fuels",6,4
"cHull_vol",5.00804632101622,"Fine dead surface fuels",6,4
"Planarity_sd",4.978392386625,"Fine dead surface fuels",6,4
"Omnivariance_sd",7.52183807484487,"Fine dead surface fuels",6,5
"cHull_vol",6.40785511882128,"Fine dead surface fuels",6,5
"Planarity_sd",5.51097926763688,"Fine dead surface fuels",6,5
"NormalChangeRate_sd",5.15486232567307,"Fine dead surface fuels",6,5
"Omnivariance_sd",5.96523397778189,"Fine dead surface fuels",7,1
"cHull_vol",5.01082112763754,"Fine dead surface fuels",7,1
"Planarity_sd",4.86069992184915,"Fine dead surface fuels",7,1
"NormalChangeRate_sd",4.71060397542331,"Fine dead surface fuels",7,1
"Omnivariance_sd",6.20626640828143,"Fine dead surface fuels",7,2
"NormalChangeRate_sd",5.32110281155266,"Fine dead surface fuels",7,2
"cHull_vol",5.27054557210568,"Fine dead surface fuels",7,2
"Planarity_sd",5.11683799849506,"Fine dead surface fuels",7,2
"Omnivariance_sd",7.01665916095498,"Fine dead surface fuels",7,3
"NormalChangeRate_sd",4.99414776235125,"Fine dead surface fuels",7,3
"Planarity_sd",4.94749567680623,"Fine dead surface fuels",7,3
"cHull_vol",4.4885698014311,"Fine dead surface fuels",7,3
"Omnivariance_sd",6.1251868956587,"Fine dead surface fuels",7,4
"cHull_vol",5.03096534695982,"Fine dead surface fuels",7,4
"NormalChangeRate_sd",4.91594322356445,"Fine dead surface fuels",7,4
"Planarity_sd",4.65613068488836,"Fine dead surface fuels",7,4
"Omnivariance_sd",6.43598581975729,"Fine dead surface fuels",7,5
"NormalChangeRate_sd",5.61569553313169,"Fine dead surface fuels",7,5
"cHull_vol",5.57876589869205,"Fine dead surface fuels",7,5
"Planarity_sd",5.51630515687563,"Fine dead surface fuels",7,5
"Omnivariance_sd",6.34061099209895,"Fine dead surface fuels",8,1
"NormalChangeRate_sd",4.94518612269123,"Fine dead surface fuels",8,1
"Planarity_sd",4.78270260400082,"Fine dead surface fuels",8,1
"cHull_vol",3.9582918977678,"Fine dead surface fuels",8,1
"Omnivariance_sd",6.34728182805946,"Fine dead surface fuels",8,2
"Planarity_sd",5.29334634146778,"Fine dead surface fuels",8,2
"NormalChangeRate_sd",5.22483519205883,"Fine dead surface fuels",8,2
"cHull_vol",5.05592359684971,"Fine dead surface fuels",8,2
"Omnivariance_sd",6.50964260198517,"Fine dead surface fuels",8,3
"cHull_vol",5.68683711819665,"Fine dead surface fuels",8,3
"Planarity_sd",4.96616519644779,"Fine dead surface fuels",8,3
"NormalChangeRate_sd",4.93493757068413,"Fine dead surface fuels",8,3
"Omnivariance_sd",5.71800994824937,"Fine dead surface fuels",8,4
"cHull_vol",5.63919615815412,"Fine dead surface fuels",8,4
"Planarity_sd",5.0314315613925,"Fine dead surface fuels",8,4
"NormalChangeRate_sd",4.965414864221,"Fine dead surface fuels",8,4
"Omnivariance_sd",8.48835519048505,"Fine dead surface fuels",8,5
"cHull_vol",5.97305840023579,"Fine dead surface fuels",8,5
"NormalChangeRate_sd",4.39492743835789,"Fine dead surface fuels",8,5
"Planarity_sd",4.23117146594982,"Fine dead surface fuels",8,5
"cHull_vol",6.95313869138718,"Fine dead surface fuels",9,1
"Omnivariance_sd",6.40915487255328,"Fine dead surface fuels",9,1
"NormalChangeRate_sd",3.94473056752652,"Fine dead surface fuels",9,1
"Planarity_sd",3.85568730591473,"Fine dead surface fuels",9,1
"Planarity_sd",5.48090164248987,"Fine dead surface fuels",9,2
"Omnivariance_sd",5.35385854454525,"Fine dead surface fuels",9,2
"NormalChangeRate_sd",5.06776853902368,"Fine dead surface fuels",9,2
"cHull_vol",4.76844061005524,"Fine dead surface fuels",9,2
"Omnivariance_sd",6.55452073842366,"Fine dead surface fuels",9,3
"cHull_vol",4.83637099401028,"Fine dead surface fuels",9,3
"NormalChangeRate_sd",4.81168096078283,"Fine dead surface fuels",9,3
"Planarity_sd",4.78263575902259,"Fine dead surface fuels",9,3
"Omnivariance_sd",6.89965719324245,"Fine dead surface fuels",9,4
"Planarity_sd",5.51567202250452,"Fine dead surface fuels",9,4
"NormalChangeRate_sd",5.12254522472448,"Fine dead surface fuels",9,4
"cHull_vol",4.66274006206493,"Fine dead surface fuels",9,4
"Omnivariance_sd",9.4803761795872,"Fine dead surface fuels",9,5
"cHull_vol",7.00616128007998,"Fine dead surface fuels",9,5
"NormalChangeRate_sd",3.80696642258587,"Fine dead surface fuels",9,5
"Planarity_sd",3.80449683221389,"Fine dead surface fuels",9,5
"Omnivariance_sd",5.36921979783758,"Fine dead surface fuels",10,1
"Planarity_sd",4.93179161115407,"Fine dead surface fuels",10,1
"cHull_vol",4.83317188933852,"Fine dead surface fuels",10,1
"NormalChangeRate_sd",4.8329789622283,"Fine dead surface fuels",10,1
"Omnivariance_sd",6.23021850941302,"Fine dead surface fuels",10,2
"Planarity_sd",5.47494584355372,"Fine dead surface fuels",10,2
"NormalChangeRate_sd",5.46698203464734,"Fine dead surface fuels",10,2
"cHull_vol",5.46039135375271,"Fine dead surface fuels",10,2
"Omnivariance_sd",5.50335818291133,"Fine dead surface fuels",10,3
"cHull_vol",5.34890366585585,"Fine dead surface fuels",10,3
"NormalChangeRate_sd",5.06466458179803,"Fine dead surface fuels",10,3
"Planarity_sd",4.93252277965517,"Fine dead surface fuels",10,3
"Omnivariance_sd",7.39825675658269,"Fine dead surface fuels",10,4
"NormalChangeRate_sd",5.03332453650413,"Fine dead surface fuels",10,4
"Planarity_sd",4.98988101581102,"Fine dead surface fuels",10,4
"cHull_vol",4.11055682875904,"Fine dead surface fuels",10,4
"Omnivariance_sd",9.48600765387164,"Fine dead surface fuels",10,5
"cHull_vol",7.26630223914644,"Fine dead surface fuels",10,5
"Planarity_sd",3.5771935963506,"Fine dead surface fuels",10,5
"NormalChangeRate_sd",3.35570300193437,"Fine dead surface fuels",10,5
